[{"style":"ip","verse":"","text":"Yonent Yàlla Yunus waa réewum Israayil la woon, te fa la nekkoon ba muy jot ndigalal Yàlla, la ko yebal ca waa dëkk ba ñuy wax Niniw, te féeteek réewum Iraag ci jamonoy tey. Niniw nag bokkul woon ci Israayil. Péeyu Asiri la woon. Waa Asiri askan wu néeg lañu woon, bokkoon ci nooni Israayil yi gënoona aay ci ñoom. Beneen dëkk bi ñuy wax ci téere bii mooy Tarsis. Ci waxinu jant yooyu, Tarsis a nga woon ca catu àddina, soreyaatoo lool ak Israayil ak Niniw."},{"style":"im","verse":"","text":"Ci tënk:"},{"style":"ili","verse":"","text":"Saar 1 Yunus gàntal na Yàlla ba daw."},{"style":"ili","verse":"","text":"Saar 2 Yunus ñaan na ci biir njàqareem."},{"style":"ili","verse":"","text":"Saar 3 Yunus jëfe na ndigal la jibaat ñeel ko."},{"style":"ili","verse":"","text":"Saar 4 Yunus déggoowul ak Yàlla ci ni mu gise."},{"style":"ie","verse":"","text":""}]