[{"style":"ip","verse":"","text":"Téereb Yonent Yàlla Musaa bii moo tënk ci mbind yeesalub kóllëre gi Yàlla fas ak bànni Israayil, fa tundu Sinayi, gannaaw ba ñu génnee Misra. Ñeent fukki at gannaaw gàddaay ga, fekk na mboolem maasug fippukat ga jóge woon Misra faatu ba jeex. Moo tax yeesalub kóllëre ga ngir maas ga ca topp, manul woona ñàkk."},{"style":"ip","verse":"","text":"Téere bi dafay sàrtal itam ni bànni Israayil wara dunde ca réew ma ñu leen dig. Yàlla moo leen jële ca njaam ga ca Misra, ngir jox leen réew ma mu leen digoon, ngir sottal digeem baak Ibraayma ak Isaaxa ak Yanqóoba."},{"style":"im","verse":"","text":"Ci tënk:"},{"style":"ili","verse":"","text":"1.6---4.43 Musaa fàttali na jaar-jaari bànni Israayil."},{"style":"ili","verse":"","text":"4.44---26.19 Musaa baamtuwaat na yoon wi."},{"style":"ili","verse":"","text":"27.1---30.20 Musaa biral na yooni barke ak alkànde."},{"style":"ili","verse":"","text":"31.1---34.12 Musaa tàggoo na. Keneen a bind ci deewam ci saar 34."},{"style":"ie","verse":"","text":""}]