[{"style":"p","verse":"","text":""},{"style":"v","verse":"1","text":"Ba loolu wéyee nu walbatiku, awe yoonu Basan, Og buuru Basan ànd ak gàngooram gépp, dajejeek ñoom, song leen xare ca Eddrey."},{"style":"v","verse":"2","text":"Aji Sax ji ne ma: «Bu ko ragal, ndax ci say loxo laa ko teg, mook gàngooram gépp, akum réewam. Nanga ko def na nga defoon Sixon buurub Amoreen ba woon fa Esbon.»"},{"style":"v","verse":"3","text":"Noonu la sunu Yàlla Aji Sax ji tege Og buuru Basan itam ci sunuy loxo, mook gàngooram gépp, nu duma leen ba desewul kuy dund."},{"style":"v","verse":"4","text":"Booba lanu nangu mboolemi dëkkam. Amul benn dëkk bu nu nanguwul ci ñoom: juróom benn fukki dëkk, mboolem diiwaanu Argob, ba bokk ca nguurug Og ca Basan."},{"style":"v","verse":"5","text":"Yooyu yépp di dëkk yu dàbbalikoo tata yu kawe, ak bunt yu tëje ràpp, te limaaleesul dëkk-dëkkaan yu baree bare, yu dara wërul."},{"style":"v","verse":"6","text":"Nu faagaagal leen, na nu defoon ak Sixon buurub Esbon. Dëkk yépp lanu faagaagal: góor ak jigéen ba ca tuut-tànk ya."},{"style":"v","verse":"7","text":"Mboolem jur gaak alali dëkk ya nag, nu sëxëtoo."},{"style":"p","verse":"","text":""},{"style":"v","verse":"8","text":"Jant yooyu lanu nangoo ci loxol ñaari buuri Amoreen ñooña ca wàllaa dexu Yurdan, réew ma dale ca xuru Arnon, ba ca tundu Ermon."},{"style":"v","verse":"9","text":"Ermon googu la waa Sidon di woowe Siryoŋ, Amoreen ñi di ko woowe Senir."},{"style":"v","verse":"10","text":"Mboolem dëkki joor ga lanu nangu, ak mboolem diiwaanu Galàdd, ak mboolem Basan, ba ca Salka ak Eddrey, dëkki nguurug Og mu Basan."},{"style":"v","verse":"11","text":"Mennum Og buuru Basan doŋŋ moo muccoon ca ndesu Refayeen ñu ponkale ña. Lalam ba, lalu weñ gu ñuul la. Ma nga noonee ca Raba, dëkkub Amoneen ña. Guddaayu lal ba ci xasabu góor, juróom ñeenti xasab la, di ñeenti meetar ak genn-wàll, yaatuwaay ba, ñeenti xasab, di ñaari meetar."},{"style":"s1","verse":"","text":"Séddale nañu penkub Yurdan"},{"style":"p","verse":"","text":""},{"style":"v","verse":"12","text":"Suuf soosu nu nangu ca jant yooya, te dale ca Arower ga ca xuru Arnon ca bëj-saalum, ak ca bëj-gànnaar, genn-wàllu diiwaanu tundi Galàdd, aki dëkkam, maa ko jox Rubeneen ñi, ak Gàddeen ñi."},{"style":"v","verse":"13","text":"Ndesu Galàdd ak mboolem Basan gu nguurug Og, ma jox ko genn-wàllu giirug Manase. Diiwaanu Argob gépp ak Basan googu gépp, lañu daan woowe réewum Refayeen ña."},{"style":"v","verse":"14","text":"Yayir mi askanoo ci Manase moo nangu mboolem diiwaanu Argob, ba ca kemu réewum Gesureen ña ak Maakateen ña. Moo tudde boppam Basan googu, ba tax ñu di ko woowe Sanci Yayir ba tey jii."},{"style":"v","verse":"15","text":"Askanu Makir laa jox diiwaanu Galàdd\\f + \\fr 3.15 \\fk Galàdd: \\ft genn-wàllu diiwaanu Galàdd ba ca bëj-gànnaar lay wax. Seetal ci 3.12.\\f*."},{"style":"v","verse":"16","text":"Rubeneen ñeek Gàddeen ñi laa jox la dale diiwaanu Galàdd ba ca xuru Arnon, diggu xur wa di seen kemu suuf ci genn wet, dexu Yabog di seen kemu ñook Amoneen ña."},{"style":"v","verse":"17","text":"Fa joor ga feggook dexu Yurdan it di kemu, diggante dexu Kineret ca bëj-gànnaar, ak ca bëj-saalumu géeju Xorom ga, ba ba ngay àgg ca suufu tundu Pisga, ca penku."},{"style":"p","verse":"","text":""},{"style":"v","verse":"18","text":"Jant yooyu laa sant Rubeneen ñi ak Gàddeen ñi ak genn-wàllu giirug Manase, ne leen: «Seen Yàlla Aji Sax ji moo leen jox réew mii, ngir ngeen nangu ko. Na xarekat yépp gànnaayu, jàll, jiitu seen bokki \\w bànni Israayil|bànni Israayil:\\w*."},{"style":"v","verse":"19","text":"Seeni jabar doŋŋ, ak seeni doom ak seenug jur, ndax xam naa ne jur gu takku ngeen am, ñooy des ci seen dëkk yi ma leen jox ca penkub Yurdan."},{"style":"v","verse":"20","text":"Dimbalileen seen bokki bànni Israayil ba keroog Aji Sax ji di leen noppal ni mu leen noppale yeen, fekk seen bokk yi nangu, ñoom it, réew mi leen seen Yàlla Aji Sax ji jox, ca sowu ba ca wàllaa dexu Yurdan. Su ko defee ku nekk ci yeen saña dellu ca céru suufam ba ma ko jox.»"},{"style":"p","verse":"","text":""},{"style":"v","verse":"21","text":"Yosuwe itam, sant naa ko ci jant yooyu ne ko: «Sa bët moo la may nga gis mboolem ni seen Yàlla Aji Sax ji def ak ñaari buur yii. Noonu rekk la Aji Sax jiy def ak mboolem nguur ya nga jëm."},{"style":"v","verse":"22","text":"Buleen leen ragal, ndax seen Yàlla Aji Sax ji moo leen di xeexal.»"},{"style":"s1","verse":"","text":"Musaa duggul Kanaan"},{"style":"p","verse":"","text":""},{"style":"v","verse":"23","text":"Jant yooyu laa tinu Aji Sax ji, ne ko:"},{"style":"v","verse":"24","text":"«Éy Boroom bi Aji Sax ji, yaa ma wonagum lenn ci sa màggaay ak sa doole, Sang bi. Ana yàlla ju nekk asamaan, mbaa ci kaw suuf ju mana roy say jëf ak say jaloore?"},{"style":"v","verse":"25","text":"May ma rekk ma jàll, ba gis réew mu baax, ma ca wàllaa dexu Yurdan, tund wu rafet woowu ba ca Libaŋ!»"},{"style":"v","verse":"26","text":"Waaye fekk na Aji Sax ji mere ma lool ndax yeen, ba faalewu ma. Aji Sax ji ne ma: «Na doy. Bu ma waxati lu jëm ci loolu."},{"style":"v","verse":"27","text":"Yéegal ba ca kaw tundu Pisga, nga dawal sa bët, te séenu réew ma wetu sowu, ba bëj-gànnaar, bëj-saalum, ba penku. Xoolal bu baax, ndax doo jàll dexu Yurdan gii."},{"style":"v","verse":"28","text":"Waaye nanga yebal Yosuwe, ñaax ko, soññ ko, ndax moom mooy jàll, jiite mbooloo mii, te moo leen di jox réew moomu ngay séen.»"},{"style":"v","verse":"29","text":"Ba mu ko defee nu toog ca xur wa janook Bet Pewor."}]