[{"style":"ip","verse":"","text":"Umple nañu ki bind bataaxal bii. Dafa ko bind, jagleel ko ñi dogoo topp Almasi bi, waaye fitna bi ñu leen teg tax na ñu bëgga xàcc, dellu ca seen ngëm la ñu jóge."},{"style":"ip","verse":"","text":"Bataaxal bii daa wone ne Almasi bi moo gëna màgg malaaka yi, moo gëna màgg Yonent Yàlla Musaa ak sarxalkat yi. Yoonu Musaa wi sos kóllëre gu njëkk gi, ak xaymab jaamookaay bi, ak sarax yi, ay misaal lañu woon ngir waajal Almasi bi. Almasi bi fas na kóllëre gu yees gi mottali kóllëre gi Yàlla fasoon ak bànni Israayil. Ki bind bataaxal bii dafay ñaax gëmkat yi, ba seen ngëm gëna dëgër, ba ñu mana topp ci tànki ñeneen ñi gëm Yàlla, doonte ñu ngi woon ci fitna."},{"style":"im","verse":"","text":"Ci tënk:"},{"style":"ili","verse":"","text":"1.1---4.13 Almasi bi moo gëna màgg malaaka yi, moo gëna màgg Musaa."},{"style":"ili","verse":"","text":"4.14---7.28 Almasi bi mooy sarxalkat bu mag bi gën."},{"style":"ili","verse":"","text":"8.1---10.39 Almasi bi fas na kóllëre gi gën, def na sarax bi gën."},{"style":"ili","verse":"","text":"11.1-40 Niki gëmkat yu njëkk yi seen ngëm kawe woon, war nanoo gëm dëgg gi kenn manula teg bët."},{"style":"ili","verse":"","text":"12.1---13.25 Nanu ne jàkk Yeesu, moom mi nguuram dul yëngu."},{"style":"ie","verse":"","text":""}]