[{"style":"mt1","text":"Yawut ya"},{"style":"s1","verse":"","text":"Yàlla moo feeñ ci Doom ji"},{"style":"p","verse":"","text":""},{"style":"v","verse":"1","text":"Bu yàgg la Yàlla waxoon ay yooni yoon ak maam ya, ci waxin yu bare, yonent yi jottali."},{"style":"v","verse":"2","text":"Ci fan yu mujj yii, ci Doom ji la jaare wax ak nun, ki mu jagleel lépp, te ci moom la sàkke àddina wërngal këpp."},{"style":"v","verse":"3","text":"Kooku mooy lerxat leeru Yàlla, te mooy ki jëmmal nekkug Yàlla. Moo téyee lépp kàddoom gu manoorewu. Gannaaw ba mu setalee bàkkaar yi nag, fa ndijooru Aji Màgg ji la toog, fa kawte ya,"},{"style":"v","verse":"4","text":"te ni turam wi mu séddoo gëna màgge turi malaaka yi, ni lees ko yékkatee, ba mu gëna màgg malaaka yi."},{"style":"s1","verse":"","text":"Doom jee gëna màgg malaaka yi"},{"style":"p","verse":"","text":""},{"style":"v","verse":"5","text":"Ndax kat, ana kan ci malaaka yi la Yàlla masa wax ne ko:"},{"style":"q1","verse":"","text":"«Yaa di sama Doom,"},{"style":"q1","verse":"","text":"bés niki tey, maa la jur\\f + \\fr 1.5 \\ft Seetal ci \\bk Taalifi cant\\bk* 2.7. Su Yàlla nee moo ko jur, waxin la rekk. Bés bi ñu doon fal ab buur ci bànni Israayil la Yàlla di biral ne jàppe na buur bi ni doomam. Ni doom di teewale baayam, ni la buur biy teewale Yàlla ci kaw suuf.\\f*,»"},{"style":"m","verse":"","text":"ba neeti:"},{"style":"q1","verse":"","text":"«Maay doon Baay ci moom,"},{"style":"q1","verse":"","text":"muy Doom ci man\\f + \\fr 1.5 \\ft Seetal ci \\bk 2.Samiyel\\bk* 7.14.\\f*»?"},{"style":"m","verse":"","text":""},{"style":"v","verse":"6","text":"Buy indiwaat \\w taaw|Taaw b-:\\w* bi ci àddina nag, ci la naan:"},{"style":"q1","verse":"","text":"«Na ko malaakay Yàlla yépp sujjóotal\\f + \\fr 1.6 \\ft Seetal ci \\bk Taalifi cant\\bk* 97.7 ni ñu ko binde ci tekkiteg Mbind mu sell mi ci làkku gereg.\\f*.»"},{"style":"m","verse":"","text":""},{"style":"v","verse":"7","text":"Malaaka yi, la Yàlla wax ci seen mbir ne:"},{"style":"q1","verse":"","text":"«Moo def ay malaakaam diy ngelaw,"},{"style":"q1","verse":"","text":"jawriñam ñooñu la def tàkk-tàkki sawara\\f + \\fr 1.7 \\ft Seetal ci \\bk Taalifi cant\\bk* 104.4.\\f*.»"},{"style":"m","verse":"","text":""},{"style":"v","verse":"8","text":"Waaye Doom ji la Yàlla ne:"},{"style":"q1","verse":"","text":"«Yàlla, sab jal a sax dàkk ba fàww,"},{"style":"q1","verse":"","text":"sa yetu buur njub la."},{"style":"q1","verse":"","text":""},{"style":"v","verse":"9","text":"Yaa sopp dëgg, bañ lu bon,"},{"style":"q1","verse":"","text":"ba Yàlla, sa Yàlla diwe la diwu mbég,"},{"style":"q1","verse":"","text":"nga tiim say moroom\\f + \\fr 1.8-9 \\ft Seetal ci \\bk Taalifi cant\\bk* 45.7-8.\\f*.»"},{"style":"m","verse":"","text":""},{"style":"v","verse":"10","text":"Mu neeti:"},{"style":"q1","verse":"","text":"«Yaw Sang bi, ca njàlbéen ga, yaa samp suuf,"},{"style":"q1","verse":"","text":"sàkke asamaan say loxo."},{"style":"q1","verse":"","text":""},{"style":"v","verse":"11","text":"Yooyu day réer,"},{"style":"q1","verse":"","text":"waaye yaw yaay sax,"},{"style":"q1","verse":"","text":"lépp ay ràpp ni mbubb."},{"style":"q1","verse":"","text":""},{"style":"v","verse":"12","text":"Yaa leen di taxañ ni malaan,"},{"style":"q1","verse":"","text":"ni yére di soppikoo it lañuy soppikoo,"},{"style":"q1","verse":"","text":"te yaw ngay kenn ki,"},{"style":"q1","verse":"","text":"te say at amul kem\\f + \\fr 1.10-12 \\ft Seetal ci \\bk Taalifi cant\\bk* 102.26-28.\\f*.»"},{"style":"m","verse":"","text":""},{"style":"v","verse":"13","text":"Ana kan ci malaaka yi la mas ne:"},{"style":"q1","verse":"","text":"«Toogeel sama ndijoor,"},{"style":"q1","verse":"","text":"ba ma def say noon sa ndëggastal\\f + \\fr 1.13 \\ft Seetal ci \\bk Taalifi cant\\bk* 110.1.\\f*»?"},{"style":"m","verse":"","text":""},{"style":"v","verse":"14","text":"Xanaa malaaka yépp duñu ay ngelaw yu ñu sas ab liggéey, yebal leen ngir ñu taxawu ñi wara jagoo ag mucc?"}]