[{"style":"s1","verse":"","text":"Kóllëre gi gën la Yeesu Sarxalkat bu mag bi indi"},{"style":"p","verse":"","text":""},{"style":"v","verse":"1","text":"Kàddu yii nu wax nag, lii moo di ponk bi: boobu \\w sarxalkat|sarxalkat b-:\\w* bu mag lanu am, mu toog ci ndijooru ngànguney Ku màgg ka fa asamaan."},{"style":"v","verse":"2","text":"Mooy liggéey ca kër gu sell ga, ca biir xaymab jaamookaay bu dëggu, ba Boroom bi samp, te nit sampu ko."},{"style":"p","verse":"","text":""},{"style":"v","verse":"3","text":"Gannaaw nag ab sarxalkat bu mag bu mu mana doon, dees koo fal, ngir muy joxe ay saraxi njébbal ak saraxi jur, kon fàww sarxalkat bu mag bii itam am lu mu sarxe."},{"style":"v","verse":"4","text":"Bu doon ci àddina, du nekk sax ab sarxalkat, gannaaw ay sarxalkat a ngi fi, di jébbale ay sarax, ni ko yoonu Musaa laaje."},{"style":"v","verse":"5","text":"Sarxalkat yooyu, jaamookaay bi ñuy liggéeye, ab misaal la, takkndeeru yëf yu dëggu ya fa asamaan la. Ndax ba Musaa di waaja yékkati xaymab jaamookaay ba, noonu lees ko artoo woon, ne ko: «Nanga xool te def lépp, mu dëppook misaal mi ñu la won ci kaw tund wi\\f + \\fr 8.5 \\ft Seetal ci \\bk Mucc ga\\bk* 25.40.\\f*.»"},{"style":"v","verse":"6","text":"Waaye tey la Yeesu jot ci liggéeyu carxal gu sut gu njëkk ga fuuf, te \\w kóllëre|kóllëre g-:\\w* gi mu fas diggante Yàlla ak nit ñi, noonu la gëne gu njëkk ga; dige yi lal kóllëre gu yees gii it, noonu la gëne dige ya laloon gu njëkk ga."},{"style":"p","verse":"","text":""},{"style":"v","verse":"7","text":"Bu kóllëre gu njëkk ga muccoon sikk nag, deesul soxlaa xajal geneen."},{"style":"v","verse":"8","text":"Waaye Yàllaa sikk \\w bànni Israayil|bànni Israayil:\\w*, ba mu nee:"},{"style":"q1","verse":"","text":"«Ay fan a ngii di ñëw, la Boroom bi wax,"},{"style":"q1","verse":"","text":"mu ne maay fas ak waa kër Israayil ak waa kër Yuda,"},{"style":"q1","verse":"","text":"kóllëre gu yees"},{"style":"q1","verse":"","text":"gu bokkewul ak ga ma séqoon ak seeni maam,"},{"style":"q1","verse":"","text":""},{"style":"v","verse":"9","text":"ba ma leen jàppee ci loxo,"},{"style":"q1","verse":"","text":"génne leen réewum Misra."},{"style":"q1","verse":"","text":"Gannaaw ñoo sàmmul sama kóllëre nag,"},{"style":"q1","verse":"","text":"man it geesuwuma leen,"},{"style":"q1","verse":"","text":"la Boroom bi wax."},{"style":"q1","verse":"","text":""},{"style":"v","verse":"10","text":"«Lii nag moo di kóllëre gi may fas"},{"style":"q1","verse":"","text":"ak waa kër Israayil, bu fan yooyu weesoo:"},{"style":"q1","verse":"","text":"Boroom beey wax, mu ne:"},{"style":"q1","verse":"","text":"Maay yeb sama ndigali yoon ci seen xel,"},{"style":"q1","verse":"","text":"ci seen xol laa koy ñaas."},{"style":"q1","verse":"","text":"Maay doon seen Yàlla,"},{"style":"q1","verse":"","text":"ñoom ñu doon sama ñoñ."},{"style":"q1","verse":"","text":""},{"style":"v","verse":"11","text":"Kenn dootul soxlaa jàngal moroomam,"},{"style":"q1","verse":"","text":"mbaa mbokkam, naan ko: “Ràññeel Boroom bi!”"},{"style":"q1","verse":"","text":"Ndax ñoom ñépp a may ràññee,"},{"style":"q1","verse":"","text":"ki gëna tuut ba ci ki gëna mag."},{"style":"q1","verse":"","text":""},{"style":"v","verse":"12","text":"Maa leen di jéggal seeni ñaawtéef,"},{"style":"q1","verse":"","text":"te seeni bàkkaar, duma ci bàyyeeti xel\\f + \\fr 8.8-12 \\ft Seetal ci \\bk Yeremi\\bk* 31.31-34.\\f*.»"},{"style":"p","verse":"","text":""},{"style":"v","verse":"13","text":"Bu Yàlla woowee kóllëre gii gu yees nag, daa fekk mu wonnil gu njëkk ga. Lu wonni te di lu yàgg nag, mu ngi ci tànki wees."}]