[{"style":"s1","verse":"","text":"Juróom benneelu misaal: téere bu ñu taxañ buy naaw"},{"style":"p","verse":"","text":""},{"style":"v","verse":"1","text":"Ci kaw loolu ma dellu séentu, gisuma lu moy téere bu ñu taxañ buy naaw."},{"style":"v","verse":"2","text":"Malaaka mi ne ma: «Loo gis?» Ma ne: «Téere bu ñu taxañ buy naaw laa gis, guddaay bi di ñaar fukki xasab, yaatuwaay bi di fukki xasab.»"},{"style":"p","verse":"","text":""},{"style":"v","verse":"3","text":"Mu ne ma: «Lii mooy alkute giy wàccsi ci kaw réew mi mépp. Li téere bi wax ci genn wetam mooy képp kuy sàcc, dees na ko fi dàqe, te li mu wax ci wetam gi ci des mooy képp kuy giñ ci ay fen, dees na ko fi dàqe."},{"style":"v","verse":"4","text":"Maay wàcce alkute gi,» kàddug Aji Sax ji Boroom gàngoor yee, «mu dugg ba ci biir kër sàcc bi, ak kër nit kiy giñe sama tur ay fen; ci biir kër gi la alkute giy fanaan, ba raafal banti kër gi aki dojam.»"},{"style":"s1","verse":"","text":"Juróom ñaareelu misaal: ndab lu jigéen toog ca biir"},{"style":"p","verse":"","text":""},{"style":"v","verse":"5","text":"Ci kaw loolu malaaka ma doon wax ak man dikk ne ma: «Séentul rekk ba gis lii di dikk.»"},{"style":"v","verse":"6","text":"Ma ne: «Lu mu doon?» Mu ne: «Ndabal nattukaay beey génn.» Mu tegaat ca ne: «Lii mooy seen bàkkaar ci biir réew mi mépp.»"},{"style":"p","verse":"","text":""},{"style":"v","verse":"7","text":"Ci biir loolu kubeeru betteex ga ca kaw ndab la jekki yékkatiku, ndeke jenn jigéen a nga toog ca biir ndab la."},{"style":"v","verse":"8","text":"Mu ne: «Jigéen jii mooy mbon,» daldi koy bëmëx ca biir ndab la, fél kubeeru betteex ga, ubaat ndab la."},{"style":"p","verse":"","text":""},{"style":"v","verse":"9","text":"Ba loolu amee ma séentu, yem ci ñaari jigéen ñuy dikk, ngelaw li wal seeni laaf. Laaf yu mel ni laafi xodd lañu am. Ñu daldi yékkati ndabal nattukaay la, ba ca diggante asamaan ak suuf."},{"style":"v","verse":"10","text":"Ma ne malaaka ma doon wax ak man: «Ana fu ñii jëme ndabal nattukaay bi?»"},{"style":"v","verse":"11","text":"Mu ne ma: «Ag kër lañu koy tabaxali ca réewum Sineyaar. Bu noppee, fa lañu koy teg, ca kaw tegukaayam.»"}]