[{"style":"s1","verse":"","text":"Mbugal mu mucc topp, dal na askani diiwaan bi"},{"style":"q1","verse":"","text":""},{"style":"v","verse":"1","text":"Yéeneb kàddug Aji Sax jii moo rot"},{"style":"q1","verse":"","text":"ci kaw réewum Adarag\\f + \\fr 9.1 \\fk Adarag, \\ft ci diiwaanu Siri la nekk, mook dëkk yi ci aaya 1 ba 8 (9.1-8) ñoo dale bëj-gànnaaru Israayil ba ci bëj-saalum ba te nekk ci tefesu géej gu mag ga. Seetal ci \\bk Màndiŋ ma\\bk* 34.5-6.\\f*,"},{"style":"q1","verse":"","text":"ba dali ca kaw Damaas."},{"style":"q1","verse":"","text":"Du ci mboolem giiri Israayil rekk la Aji Sax ji ne jàkk bëtam,"},{"style":"q1","verse":"","text":"waaye doom aadama yépp la ne jàkk."},{"style":"q1","verse":"","text":""},{"style":"v","verse":"2","text":"Kàddu gi dal na itam Amat ga digalook Damaas,"},{"style":"q1","verse":"","text":"dal Tir ak Sidon, ak la ñuy muus lépp."},{"style":"q1","verse":"","text":""},{"style":"v","verse":"3","text":"Tir moo tabaxal boppam tata,"},{"style":"q1","verse":"","text":"moo dajale xaalis ni feppi suuf,"},{"style":"q1","verse":"","text":"ak wurus wu ne xas ni donji banu mbedd."},{"style":"q1","verse":"","text":""},{"style":"v","verse":"4","text":"Ndeke Aji Sax ji moo koy moom,"},{"style":"q1","verse":"","text":"xalab alalam biir géej,"},{"style":"q1","verse":"","text":"te sawaraa koy xoyom."},{"style":"q1","verse":"","text":""},{"style":"v","verse":"5","text":"Askalon moo koy gis, tiit;"},{"style":"q1","verse":"","text":"Gasa gis ko, jàq njàqare lu réy,"},{"style":"q1","verse":"","text":"mook Ekkron it ndax yaakaar ju tas."},{"style":"q1","verse":"","text":"Gasa la buur bay réere,"},{"style":"q1","verse":"","text":"Askalon ñàkk ku ko dëkke."},{"style":"q1","verse":"","text":""},{"style":"v","verse":"6","text":"Xeet wu raxe mooy sanci Asdodd,"},{"style":"q1","verse":"","text":"te maay sàggi sagub Filisteen ñi."},{"style":"q1","verse":"","text":""},{"style":"v","verse":"7","text":"Ci seen gémmiñ laay foqatee deret ji ñuy lekk,"},{"style":"q1","verse":"","text":"yàbbiloo leen seen ñam yu seexluwu yi ñu ŋank."},{"style":"q1","verse":"","text":"Seenu ndes it dina ma def seen Yàlla,"},{"style":"q1","verse":"","text":"mel nig làng ci giirug Yuda,"},{"style":"q1","verse":"","text":"Ekkron it ci sama ñoñ lay bokk ni Yebuseen ñi\\f + \\fr 9.7 \\fk Yebuseen ñi \\ft ñoo dëkkoon Yerusalem lu jiitu te mujj bokk ci Israayil. Seetal ci \\bk Yosuwe\\bk* 15.63.\\f*."},{"style":"q1","verse":"","text":""},{"style":"v","verse":"8","text":"Maay taxaw wattu fi wër sama kër,"},{"style":"q1","verse":"","text":"aar ko ci ñiy dem aka dikk,"},{"style":"q1","verse":"","text":"ba boroom doole dootul noot sama waa kër,"},{"style":"q1","verse":"","text":"nde léegi samay gët laa leen ne jàkk."},{"style":"s1","verse":"","text":"Buur Almasi dikk na"},{"style":"q1","verse":"","text":""},{"style":"v","verse":"9","text":"Bégal a bég, janq \\w Siyoŋ|Siyoŋ:\\w* mu taaru,"},{"style":"q1","verse":"","text":"janq Yerusalem mu taaru laa ne:"},{"style":"q1","verse":"","text":"Xaacul, niir, sa buur a la dikkal nii,"},{"style":"q1","verse":"","text":"moo jub te am ndam,"},{"style":"q1","verse":"","text":"te teewu koo woyof, war mbaam,"},{"style":"q1","verse":"","text":"cumbur, doomu mbaam-sëf."},{"style":"q1","verse":"","text":""},{"style":"v","verse":"10","text":"Maay sànke watiiru xare ci diiwaanu Efrayim,"},{"style":"q1","verse":"","text":"sànke fasu xare fi Yerusalem,"},{"style":"q1","verse":"","text":"ay fitti xare damm,"},{"style":"q1","verse":"","text":"muy wax xeet yi jàmm,"},{"style":"q1","verse":"","text":"kilifteefam dale géej ba géej,"},{"style":"q1","verse":"","text":"dale dexu Efraat ba ca cati àddina."},{"style":"s1","verse":"","text":"Aji Sax ji mooy xeexal ñoñam"},{"style":"q1","verse":"","text":""},{"style":"v","verse":"11","text":"Yaw nag, deret ji feddali sama \\w kóllëreek|kóllëre g-:\\w* yaw,"},{"style":"q1","verse":"","text":"ci laay seet ba yiwi sa nit ñi ñu tëj"},{"style":"q1","verse":"","text":"biir kàmb gu ndox amul."},{"style":"q1","verse":"","text":""},{"style":"v","verse":"12","text":"Yeen ñi ñu tëj, ngeen di dunde yaakaar,"},{"style":"q1","verse":"","text":"delluleen ca tata ja."},{"style":"q1","verse":"","text":"Bésub tey jii sax maa dogu ne"},{"style":"q1","verse":"","text":"ñaari yoon laa leen di yool."},{"style":"q1","verse":"","text":""},{"style":"v","verse":"13","text":"Yuda déy laay bank, muy samag xala,"},{"style":"q1","verse":"","text":"te Efrayim laa koy soxe, muy fitt gi."},{"style":"q1","verse":"","text":"Yaw \\w Siyoŋ|Siyoŋ:\\w*, sa doom yu góor laay yékkati"},{"style":"q1","verse":"","text":"ci sa kaw doom yu góor, yaw réewum Geres."},{"style":"q1","verse":"","text":"Doomi Siyoŋ laay def saamaru jàmbaar."},{"style":"q1","verse":"","text":""},{"style":"v","verse":"14","text":"Su boobaa Aji Sax jeey feeñ fi leen tiim,"},{"style":"q1","verse":"","text":"ag fittam tàkk nig melax."},{"style":"q1","verse":"","text":"Bufta bi la Boroom bi Aji Sax ji di wal,"},{"style":"q1","verse":"","text":"ànd ak ngëléni bëj-saalum, dikk."},{"style":"q1","verse":"","text":""},{"style":"v","verse":"15","text":"Aji Sax ji Boroom gàngoor yi mooy aar ñoñam,"},{"style":"q1","verse":"","text":"ñuy falaxe, di joggati doji mbaq,"},{"style":"q1","verse":"","text":"di naan aka xaacu ni ñu màndi."},{"style":"q1","verse":"","text":"Ni ndabi deretu juru sarax di feese,"},{"style":"q1","verse":"","text":"ni lañuy feese ak deretu noon yi,"},{"style":"q1","verse":"","text":"taq ci ripp ni cati \\w sarxalukaay|sarxalukaay b-:\\w* ba."},{"style":"q1","verse":"","text":""},{"style":"v","verse":"16","text":"Bésub keroog seen Yàlla Aji Sax ji"},{"style":"q1","verse":"","text":"mooy sàmm ñoñam nig jur,"},{"style":"q1","verse":"","text":"ñuy lerxat cim réewam"},{"style":"q1","verse":"","text":"ni peri gànjar di ray-rayee ci mbaxanam buur."},{"style":"q1","verse":"","text":""},{"style":"v","verse":"17","text":"Ndaw bànneex akub taar ca ñoom!"},{"style":"q1","verse":"","text":"Pepp yafal xalelu góor,"},{"style":"q1","verse":"","text":"biiñ bu bees naatal yaramu janq."}]