[{"style":"ip","verse":"","text":"Téere bii da di ay wax yuy gindee jëme ci Yàlla, te def Yàlla muy cëslaay. Noonu la téere bi tegtale ci lu leer ne: «Ragal Aji Sax ji di njàlbéenu xam-xam» (1.7). Xam-xam man naa may boroom mu sottal ay liggéey yu ñu ko sas, te dina ko may tont yu jub ci ay laaj yu ñu koy natte. Waaye xel mu rafet rekk mooy jiite boroom ci ni mu wara dogoo jaare ci fànni dundam yépp."},{"style":"ip","verse":"","text":"\\bk Kàddu yu xelu\\bk* day jàngale xel mu rafet, di wone nu mu woroo ak gis-gisu téxét bi mbaa dof bi mbaa ku bon ki."},{"style":"im","verse":"","text":"Ci tënk:"},{"style":"ili","verse":"","text":"1.1-7 Ndoortel kàddu yu xelu ak li muy xamle."},{"style":"ili","verse":"","text":"1.8---7.27 Dog bii, li ci ëpp jëm ci ay waajur ak seeni doom."},{"style":"ili","verse":"","text":"8.1—9.18 Xel mu Rafet bàkku na, di wuta berndeel."},{"style":"ili","verse":"","text":"10.1---29.27 Lu jëm ci xeltug Suleymaan."},{"style":"ili","verse":"","text":"30.1---31.9 Lu jëm ci xeltug Agur ak Lemuyel."},{"style":"ili","verse":"","text":"31.10-31 Lu jëm ci jikkoy jabar ju baax."},{"style":"ie","verse":"","text":""}]