[{"style":"s1","verse":"","text":"Yeneen diglee ngi"},{"style":"q1","verse":"","text":""},{"style":"v","verse":"1","text":"Bul damoo ëllëg,"},{"style":"q1","verse":"","text":"ndax xamoo luy xew tey."},{"style":"q1","verse":"","text":""},{"style":"v","verse":"2","text":"Bul tëggu, bàyyil ñu tagg la,"},{"style":"q1","verse":"","text":"muy waxi keneen; yaw, bu ko wax."},{"style":"b","verse":"","text":""},{"style":"q1","verse":"","text":""},{"style":"v","verse":"3","text":"Doj diis na, suuf dib sëf,"},{"style":"q1","verse":"","text":"waaye fitnay dof a ko raw."},{"style":"b","verse":"","text":""},{"style":"q1","verse":"","text":""},{"style":"v","verse":"4","text":"Xadar day ñàng, mer di wal mu baawaan,"},{"style":"q1","verse":"","text":"waaye fiiraange amul moroom."},{"style":"b","verse":"","text":""},{"style":"q1","verse":"","text":""},{"style":"v","verse":"5","text":"Artu yu ñu la biralal"},{"style":"q1","verse":"","text":"moo gën cofeel gu la boroom ñooru."},{"style":"q1","verse":"","text":""},{"style":"v","verse":"6","text":"Soppe, bu lay gaañ sax, wóolu ko."},{"style":"q1","verse":"","text":"Nit bañ na la, te di la fóon lu bare."},{"style":"b","verse":"","text":""},{"style":"q1","verse":"","text":""},{"style":"v","verse":"7","text":"Ku suur, bañ lem ju xelli,"},{"style":"q1","verse":"","text":"waaye boo xiifee, lu wex lu ne neex la."},{"style":"b","verse":"","text":""},{"style":"q1","verse":"","text":""},{"style":"v","verse":"8","text":"Ku sore fa nga bokk,"},{"style":"q1","verse":"","text":"dangay mel ni picc mu sore tàggam."},{"style":"b","verse":"","text":""},{"style":"q1","verse":"","text":""},{"style":"v","verse":"9","text":"Diwook suuru day naatal xol;"},{"style":"q1","verse":"","text":"waaye li neex cib xarit, xol la lay digale."},{"style":"b","verse":"","text":""},{"style":"q1","verse":"","text":""},{"style":"v","verse":"10","text":"Bul fàtte sab xarit mbaa sa xaritu baay,"},{"style":"q1","verse":"","text":"boo jàqee, bul seeti sa mbokk;"},{"style":"q1","verse":"","text":"dëkkandoo bu jegee gën mbokk mu sore."},{"style":"b","verse":"","text":""},{"style":"q1","verse":"","text":""},{"style":"v","verse":"11","text":"Muusal, doom, ma bég,"},{"style":"q1","verse":"","text":"ba mana tontu ku ma sikk."},{"style":"b","verse":"","text":""},{"style":"q1","verse":"","text":""},{"style":"v","verse":"12","text":"Kuy foog, gisu ay, làqu;"},{"style":"q1","verse":"","text":"ab téxét ne ca tëñëx, loru."},{"style":"b","verse":"","text":""},{"style":"q1","verse":"","text":""},{"style":"v","verse":"13","text":"Ku gàddul jàmbur bor, jëlal mbubbam;"},{"style":"q1","verse":"","text":"tayle ko, moo dige feyal jàmbur."},{"style":"b","verse":"","text":""},{"style":"q1","verse":"","text":""},{"style":"v","verse":"14","text":"Nuyoo bu xumb, suba teel"},{"style":"q1","verse":"","text":"mooki saagaa yem."},{"style":"b","verse":"","text":""},{"style":"q1","verse":"","text":""},{"style":"v","verse":"15","text":"Jabar ju pànk"},{"style":"q1","verse":"","text":"mooy senn bu dakkul, cib taw;"},{"style":"q1","verse":"","text":""},{"style":"v","verse":"16","text":"ku ko mana yemale,"},{"style":"q1","verse":"","text":"mana téye ngelaw mbaa nga ŋëb ag diw."},{"style":"b","verse":"","text":""},{"style":"q1","verse":"","text":""},{"style":"v","verse":"17","text":"Weñ ay nàmm weñ,"},{"style":"q1","verse":"","text":"nit ay nàmm xelu moroom ma."},{"style":"b","verse":"","text":""},{"style":"q1","verse":"","text":""},{"style":"v","verse":"18","text":"Ku aar garab, lekk ca doom ya;"},{"style":"q1","verse":"","text":"ku toppatoo sa sang, am ngërëm."},{"style":"b","verse":"","text":""},{"style":"q1","verse":"","text":""},{"style":"v","verse":"19","text":"Ku xool cim ndox, gis sa kanam,"},{"style":"q1","verse":"","text":"nga xool sab xol, gis sa jikko."},{"style":"b","verse":"","text":""},{"style":"q1","verse":"","text":""},{"style":"v","verse":"20","text":"Njaniiw ak biir suuf du fees,"},{"style":"q1","verse":"","text":"bët it du doylu mukk."},{"style":"b","verse":"","text":""},{"style":"q1","verse":"","text":""},{"style":"v","verse":"21","text":"Xaalis ak wurus sawaraa koy xelli,"},{"style":"q1","verse":"","text":"waaye àtteb nit ca taggam."},{"style":"b","verse":"","text":""},{"style":"q1","verse":"","text":""},{"style":"v","verse":"22","text":"Soo jëloonub dof, yeb ci gënn,"},{"style":"q1","verse":"","text":"booleek pepp, wol,"},{"style":"q1","verse":"","text":"du tax ndof ga deñ."},{"style":"b","verse":"","text":""},{"style":"q1","verse":"","text":""},{"style":"v","verse":"23","text":"Xamal bu baax lu say gàtt nekke,"},{"style":"q1","verse":"","text":"te def sa xel ci say gétt,"},{"style":"q1","verse":"","text":""},{"style":"v","verse":"24","text":"ndax alal wéyul fàww,"},{"style":"q1","verse":"","text":"ag pal du ñeel sëtoo sët."},{"style":"q1","verse":"","text":""},{"style":"v","verse":"25","text":"Gannaaw bu ñu gubee,"},{"style":"q1","verse":"","text":"ba ñax saxaat,"},{"style":"q1","verse":"","text":"ñu dajale ngooñ ma ca tund ya\\f + \\fr 27.25 \\ft Ca Israayil tund yaa ëpp lu muy taw, te fa la ñax ma ëppe.\\f*,"},{"style":"q1","verse":"","text":""},{"style":"v","verse":"26","text":"say xar da lay amal koddaay,"},{"style":"q1","verse":"","text":"bëy yi génneel la njëgu tool."},{"style":"q1","verse":"","text":""},{"style":"v","verse":"27","text":"Meewum bëy daldi am, ba doy la dund,"},{"style":"q1","verse":"","text":"yaak sa waa kër"},{"style":"q1","verse":"","text":"ak sa surga yu jigéen."},{"style":"b","verse":"","text":""}]