[{"style":"q1","verse":"","text":""},{"style":"v","verse":"1","text":"Ku bon daw na te dàqeesu ko,"},{"style":"q1","verse":"","text":"ku jub ñeme ni gaynde."},{"style":"b","verse":"","text":""},{"style":"q1","verse":"","text":""},{"style":"v","verse":"2","text":"Bu am réew dee fippu, kilifa ya bare;"},{"style":"q1","verse":"","text":"réew mu jàmm sax, kilifa gaa am déggin ak xam-xam."},{"style":"b","verse":"","text":""},{"style":"q1","verse":"","text":""},{"style":"v","verse":"3","text":"Ku ñàkk, su jekkoo ab ndóol,"},{"style":"q1","verse":"","text":"du ko bàyyil fepp, day mel ni waame."},{"style":"b","verse":"","text":""},{"style":"q1","verse":"","text":""},{"style":"v","verse":"4","text":"Ku wacc yoon, gërëm ku bon;"},{"style":"q1","verse":"","text":"ku wormaal yoon, jànkoonteek ku bon."},{"style":"b","verse":"","text":""},{"style":"q1","verse":"","text":""},{"style":"v","verse":"5","text":"Ku bon xamul njub,"},{"style":"q1","verse":"","text":"kuy wut Aji Sax ji, xam nga njub bu wér."},{"style":"b","verse":"","text":""},{"style":"q1","verse":"","text":""},{"style":"v","verse":"6","text":"Ñàkk te mat"},{"style":"q1","verse":"","text":"moo gën barele te dëng."},{"style":"b","verse":"","text":""},{"style":"q1","verse":"","text":""},{"style":"v","verse":"7","text":"Gone gu sàmm yoon am nag dégg,"},{"style":"q1","verse":"","text":"ku ànd ak sagaru nit gàcceel sa baay."},{"style":"b","verse":"","text":""},{"style":"q1","verse":"","text":""},{"style":"v","verse":"8","text":"Kiy leble di tege, ba barele,"},{"style":"q1","verse":"","text":"kay yéwéne néew-ji-doole lay dencal."},{"style":"b","verse":"","text":""},{"style":"q1","verse":"","text":""},{"style":"v","verse":"9","text":"Soo dee tanqamlu yoon,"},{"style":"q1","verse":"","text":"sag ñaan sax Yàlla suur na ko."},{"style":"b","verse":"","text":""},{"style":"q1","verse":"","text":""},{"style":"v","verse":"10","text":"Ku yóbbe bàkkaar nit kuy jubal,"},{"style":"q1","verse":"","text":"yeer ma nga gas, yaa cay tàbbi,"},{"style":"q1","verse":"","text":"waaye ku mat di jagoo ngëneel."},{"style":"b","verse":"","text":""},{"style":"q1","verse":"","text":""},{"style":"v","verse":"11","text":"Waay a ngi barele, defe ne xelu na;"},{"style":"q1","verse":"","text":"ku néewle amug dégg, gis ne xeluwul."},{"style":"b","verse":"","text":""},{"style":"q1","verse":"","text":""},{"style":"v","verse":"12","text":"Bu kuy jëfe njekk amee ndam, mbégte mu réy la;"},{"style":"q1","verse":"","text":"ab soxor falu, ñépp làquji."},{"style":"b","verse":"","text":""},{"style":"q1","verse":"","text":""},{"style":"v","verse":"13","text":"Kuy làq say tooñ doo baaxle,"},{"style":"q1","verse":"","text":"ku koy nangu, tuub ko, am yërmandey Yàlla."},{"style":"b","verse":"","text":""},{"style":"q1","verse":"","text":""},{"style":"v","verse":"14","text":"Mbégte ñeel na ku saxoo ragal Yàlla,"},{"style":"q1","verse":"","text":"waaye ku dëgër bopp tàbbi ci njekkar."},{"style":"b","verse":"","text":""},{"style":"q1","verse":"","text":""},{"style":"v","verse":"15","text":"Kilifa guy soxore néew-ji-doole"},{"style":"q1","verse":"","text":"mook gaynde guy yëmmoo yem, mbaa rab wuy songe."},{"style":"b","verse":"","text":""},{"style":"q1","verse":"","text":""},{"style":"v","verse":"16","text":"Kilifa gu amulug dégg, day foqati rekk,"},{"style":"q1","verse":"","text":"waaye ku bañ lu lewul, gudd fan."},{"style":"b","verse":"","text":""},{"style":"q1","verse":"","text":""},{"style":"v","verse":"17","text":"Ku bóom nit, daw, ba tàbbi njaniiw;"},{"style":"q1","verse":"","text":"bu ko kenn taxawu."},{"style":"b","verse":"","text":""},{"style":"q1","verse":"","text":""},{"style":"v","verse":"18","text":"Mat, mucc;"},{"style":"q1","verse":"","text":"dëng, dàll daanu."},{"style":"b","verse":"","text":""},{"style":"q1","verse":"","text":""},{"style":"v","verse":"19","text":"Beyal sab tool, sab dund doy;"},{"style":"q1","verse":"","text":"topp ay caaxaan, ndóol ba doyal."},{"style":"b","verse":"","text":""},{"style":"q1","verse":"","text":""},{"style":"v","verse":"20","text":"Boroom worma, bare barke;"},{"style":"q1","verse":"","text":"ku yàkkamtee woomle, sa mbugal du jaas."},{"style":"b","verse":"","text":""},{"style":"q1","verse":"","text":""},{"style":"v","verse":"21","text":"Par-parloo baaxul,"},{"style":"q1","verse":"","text":"waaye dogu mburu moyloo na kilifa."},{"style":"b","verse":"","text":""},{"style":"q1","verse":"","text":""},{"style":"v","verse":"22","text":"Ab nay day yàkkamtee barele,"},{"style":"q1","verse":"","text":"te xamul, ba ko ñàkk di dab."},{"style":"b","verse":"","text":""},{"style":"q1","verse":"","text":""},{"style":"v","verse":"23","text":"Boo artoo nit, mu baaxe la ëllëg;"},{"style":"q1","verse":"","text":"yaa koy gënal ku ko doon jay."},{"style":"b","verse":"","text":""},{"style":"q1","verse":"","text":""},{"style":"v","verse":"24","text":"Ku xañ say waajur seen alal"},{"style":"q1","verse":"","text":"te defe ne tooñoo,"},{"style":"q1","verse":"","text":"yaa neexook saay-saayu yàqkat."},{"style":"b","verse":"","text":""},{"style":"q1","verse":"","text":""},{"style":"v","verse":"25","text":"Ku bëgge day sooke ay,"},{"style":"q1","verse":"","text":"te ku wóolu Aji Sax ji, woomle."},{"style":"b","verse":"","text":""},{"style":"q1","verse":"","text":""},{"style":"v","verse":"26","text":"Ku doyloo sam xel, dof nga;"},{"style":"q1","verse":"","text":"ku jëfe xel mu rafet, mucc nga."},{"style":"b","verse":"","text":""},{"style":"q1","verse":"","text":""},{"style":"v","verse":"27","text":"Kuy jox néew-ji-doole, doo ñàkk;"},{"style":"q1","verse":"","text":"nga gëmm ne gisoo, bare ku la móolu."},{"style":"b","verse":"","text":""},{"style":"q1","verse":"","text":""},{"style":"v","verse":"28","text":"Bu ab soxor faloo, ñépp làquji,"},{"style":"q1","verse":"","text":"bu daanoo, kuy jëfe njekk teg tànk."}]