[{"style":"q1","verse":"","text":""},{"style":"v","verse":"1","text":"Ku ñuy artu, nga të ticc,"},{"style":"q1","verse":"","text":"dangay jekki yàqu, ba wees am paj."},{"style":"b","verse":"","text":""},{"style":"q1","verse":"","text":""},{"style":"v","verse":"2","text":"Kuy jëfe njekk falu, baadoolo bég;"},{"style":"q1","verse":"","text":"ab soxor jiite, baadoolo binni."},{"style":"b","verse":"","text":""},{"style":"q1","verse":"","text":""},{"style":"v","verse":"3","text":"Kuy jëfe xel, bégal sa baay;"},{"style":"q1","verse":"","text":"nga ànd aki gànc, yàq alal."},{"style":"b","verse":"","text":""},{"style":"q1","verse":"","text":""},{"style":"v","verse":"4","text":"Buur jub, am réew dëgër;"},{"style":"q1","verse":"","text":"mu bëggi galag, réew ma sànku."},{"style":"b","verse":"","text":""},{"style":"q1","verse":"","text":""},{"style":"v","verse":"5","text":"Kuy jay sa moroom,"},{"style":"q1","verse":"","text":"yaa ngi koy dugal."},{"style":"b","verse":"","text":""},{"style":"q1","verse":"","text":""},{"style":"v","verse":"6","text":"Ku bon day moy, ba dugal boppam;"},{"style":"q1","verse":"","text":"ku jub di woy aka bànneexu."},{"style":"b","verse":"","text":""},{"style":"q1","verse":"","text":""},{"style":"v","verse":"7","text":"Boroom njekk a xam àqu néew-ji-doole,"},{"style":"q1","verse":"","text":"ab soxor xamu ca dara."},{"style":"b","verse":"","text":""},{"style":"q1","verse":"","text":""},{"style":"v","verse":"8","text":"Ñaawlekat a ngi taal ab dëkk,"},{"style":"q1","verse":"","text":"ku xelu di giifal mer."},{"style":"b","verse":"","text":""},{"style":"q1","verse":"","text":""},{"style":"v","verse":"9","text":"Boroom xel, buy layookub dof,"},{"style":"q1","verse":"","text":"bu mereek buy ree, jàmm du am."},{"style":"b","verse":"","text":""},{"style":"q1","verse":"","text":""},{"style":"v","verse":"10","text":"Ab bóomkat day sib ku mat,"},{"style":"q1","verse":"","text":"di wuta bóom kuy jubal."},{"style":"b","verse":"","text":""},{"style":"q1","verse":"","text":""},{"style":"v","verse":"11","text":"Ab dof day mer, sàmbaar;"},{"style":"q1","verse":"","text":"ku xelu, mer, ànd ak sagoom."},{"style":"b","verse":"","text":""},{"style":"q1","verse":"","text":""},{"style":"v","verse":"12","text":"Kilifa dégluy fen,"},{"style":"q1","verse":"","text":"jawriñ yépp di ñu bon."},{"style":"b","verse":"","text":""},{"style":"q1","verse":"","text":""},{"style":"v","verse":"13","text":"Ku ñàkk ak ka ko nennoo bokk lenn,"},{"style":"q1","verse":"","text":"Aji Sax jee leen boole sàkk."},{"style":"b","verse":"","text":""},{"style":"q1","verse":"","text":""},{"style":"v","verse":"14","text":"Buur àtte way-ñàkk ci dëgg,"},{"style":"q1","verse":"","text":"ab jalam sax."},{"style":"b","verse":"","text":""},{"style":"q1","verse":"","text":""},{"style":"v","verse":"15","text":"Deel bantal aka yedde, day rafetal xel;"},{"style":"q1","verse":"","text":"gone goo bay-bayal, mu gàcceel ndeyam."},{"style":"b","verse":"","text":""},{"style":"q1","verse":"","text":""},{"style":"v","verse":"16","text":"Bu ku bon féetee kaw, ag moy law,"},{"style":"q1","verse":"","text":"waaye kiy jëfe njekk ay fekke jéllam."},{"style":"b","verse":"","text":""},{"style":"q1","verse":"","text":""},{"style":"v","verse":"17","text":"Yaral sa doom, mu noppal la,"},{"style":"q1","verse":"","text":"bànneexal la."},{"style":"b","verse":"","text":""},{"style":"q1","verse":"","text":""},{"style":"v","verse":"18","text":"Fu Yàlla feeñoowul, nit ña fétteeral,"},{"style":"q1","verse":"","text":"waaye ku topp yoon, am mbégte."},{"style":"b","verse":"","text":""},{"style":"q1","verse":"","text":""},{"style":"v","verse":"19","text":"Waxi neen yarul surga,"},{"style":"q1","verse":"","text":"da lay dégg te du la déggal."},{"style":"b","verse":"","text":""},{"style":"q1","verse":"","text":""},{"style":"v","verse":"20","text":"Ana koo gis, mu rattaxle?"},{"style":"q1","verse":"","text":"Kooku ab dof a ko gën demin."},{"style":"b","verse":"","text":""},{"style":"q1","verse":"","text":""},{"style":"v","verse":"21","text":"Ku yàq sab surga ba muy ndaw,"},{"style":"q1","verse":"","text":"bu ëllëgee mu defe ne doom la\\f + \\fr 29.21 \\ft Mbaa: \\fqa bu ëllëgee mu jaaxal la.\\f*."},{"style":"b","verse":"","text":""},{"style":"q1","verse":"","text":""},{"style":"v","verse":"22","text":"Boroom xadar day sooke ay,"},{"style":"q1","verse":"","text":"te ku tàng bopp moy, moyati."},{"style":"b","verse":"","text":""},{"style":"q1","verse":"","text":""},{"style":"v","verse":"23","text":"Réy-réylu, detteelu rekk;"},{"style":"q1","verse":"","text":"woyofal, ñu naw la."},{"style":"b","verse":"","text":""},{"style":"q1","verse":"","text":""},{"style":"v","verse":"24","text":"Ku ànd akub sàcc, sa noonu bopp nga:"},{"style":"q1","verse":"","text":"soo waxee dëgg, yoon topp la;"},{"style":"q1","verse":"","text":"soo ko miimee, Yàlla topp la\\f + \\fr 29.24 \\fk Yàlla topp la: \\ft seetal ci \\bk Sarxalkat yi\\bk* 5.1: \\fq Bu nit bàkkaaree ndax lu mu dégg wooteb seede cib àtte, ba noppi baña wax la mu gis mbaa mu xam ko ca mbir ma, dees na ko ko topp.\\f*."},{"style":"b","verse":"","text":""},{"style":"q1","verse":"","text":""},{"style":"v","verse":"25","text":"Ragal nit dugal sa bopp la,"},{"style":"q1","verse":"","text":"ku wóolu Aji Sax ji, fegu."},{"style":"b","verse":"","text":""},{"style":"q1","verse":"","text":""},{"style":"v","verse":"26","text":"Ñu baree ngi sàkku kilifa baaxe leen,"},{"style":"q1","verse":"","text":"moona Aji Sax jeey àtteb jaam."},{"style":"b","verse":"","text":""},{"style":"q1","verse":"","text":""},{"style":"v","verse":"27","text":"Ku jub day sib ku dëng,"},{"style":"q1","verse":"","text":"ku bon sib kuy jubal."}]