[{"style":"ms","verse":"","text":"Buur Lemuyel a ngi yeete"},{"style":"mr","verse":"","text":"(Saar 31)"},{"style":"p","verse":"","text":""},{"style":"v","verse":"1","text":"Lii waxi Lemuyel la, buuru Maasa\\f + \\fr 31.1 \\fk Maasa, \\ft béreb la bu genn giirug Israayil sancoon ca bëj-gànnaaru Arabi.\\f*, te ndeyam jàngal ko ko. Mu ne:"},{"style":"b","verse":"","text":""},{"style":"q1","verse":"","text":""},{"style":"v","verse":"2","text":"Ngóor si doom, saa doomi bopp!"},{"style":"q1","verse":"","text":"Yaa di ñaan gu nangu, doom!"},{"style":"q1","verse":"","text":""},{"style":"v","verse":"3","text":"Bul jox jigéen ñi sa doole,"},{"style":"q1","verse":"","text":"bul jox say siddit jigéen ñiy sànk buur."},{"style":"q1","verse":"","text":""},{"style":"v","verse":"4","text":"Buur moomul di naan biiñ, Lemuyel,"},{"style":"q1","verse":"","text":"buur moomu ko;"},{"style":"q1","verse":"","text":"kilifa moomul di sàkku ñoll."},{"style":"q1","verse":"","text":""},{"style":"v","verse":"5","text":"Lu ko moy mu naan, ba fàtte lu yoon tëral,"},{"style":"q1","verse":"","text":"xañ néew-ji-doole ju ne àqam."},{"style":"q1","verse":"","text":""},{"style":"v","verse":"6","text":"Bàyyeel ñoll kuy sànku,"},{"style":"q1","verse":"","text":"bàyyeel biiñ boroom naqar."},{"style":"q1","verse":"","text":""},{"style":"v","verse":"7","text":"Bu ñu naanee, fàtte seen néewle,"},{"style":"q1","verse":"","text":"ba dootuñu fàttaliku seenu tiis."},{"style":"b","verse":"","text":""},{"style":"q1","verse":"","text":""},{"style":"v","verse":"8","text":"Nanga àddul ku amul kàddu,"},{"style":"q1","verse":"","text":"ku sësul fenn, nga ñoŋal àqam."},{"style":"q1","verse":"","text":""},{"style":"v","verse":"9","text":"Deel àddu, di àtte njub;"},{"style":"q1","verse":"","text":"ku ñàkk ak ku néewle, nga sàmm àqam."},{"style":"s1","verse":"","text":"Jeeg bu ragal Aji Sax ji nii lay mel"},{"style":"q1","verse":"","text":""},{"style":"v","verse":"10","text":"Jeeg bu jàmbaare, ndaw lu jafe,"},{"style":"q1","verse":"","text":"ba rawati gànjar!"},{"style":"q1","verse":"","text":""},{"style":"v","verse":"11","text":"Jëkkër ja da koy wóolu,"},{"style":"q1","verse":"","text":"te jëkkër ja day am xéewal, du ko ñàkk."},{"style":"q1","verse":"","text":""},{"style":"v","verse":"12","text":"Day defal jëkkëram lu baax, du ko lor,"},{"style":"q1","verse":"","text":"te di ànd ak bakkan."},{"style":"q1","verse":"","text":""},{"style":"v","verse":"13","text":"Day wut kawari gàtt aki wëñ,"},{"style":"q1","verse":"","text":"di ca liggéeye mbégte."},{"style":"q1","verse":"","text":""},{"style":"v","verse":"14","text":"Day mel ni gaalu jula,"},{"style":"q1","verse":"","text":"di jëli dundam fu sore."},{"style":"q1","verse":"","text":""},{"style":"v","verse":"15","text":"Day jóg te bët setul,"},{"style":"q1","verse":"","text":"di waajal njëlu njabootam,"},{"style":"q1","verse":"","text":"aka sas ay janqam."},{"style":"q1","verse":"","text":""},{"style":"v","verse":"16","text":"Day seetlu ab tool, jënd ko,"},{"style":"q1","verse":"","text":"sàkk ciw ñaqam, jëmbat tóokër."},{"style":"q1","verse":"","text":""},{"style":"v","verse":"17","text":"Day gañu di góor-góorlu"},{"style":"q1","verse":"","text":"aka dëgëral përëg ya."},{"style":"q1","verse":"","text":""},{"style":"v","verse":"18","text":"Day gis njartel liggéeyam,"},{"style":"q1","verse":"","text":"te làmpam du fey guddi."},{"style":"q1","verse":"","text":""},{"style":"v","verse":"19","text":"Ma ngay yor poqe"},{"style":"q1","verse":"","text":"ak këccu, di ëcc."},{"style":"q1","verse":"","text":""},{"style":"v","verse":"20","text":"Day jox ku ñàkk,"},{"style":"q1","verse":"","text":"di sàkkal néew-ji-doole."},{"style":"q1","verse":"","text":""},{"style":"v","verse":"21","text":"Tiitul ci njaboot gi sedd bu metti,"},{"style":"q1","verse":"","text":"ndax ñoom ñépp ay tegley yére."},{"style":"q1","verse":"","text":""},{"style":"v","verse":"22","text":"Mooy sàkkal boppam ay malaan,"},{"style":"q1","verse":"","text":"ay yéreem mucc ayib te yànj."},{"style":"q1","verse":"","text":""},{"style":"v","verse":"23","text":"Dees na ràññee jëkkëram ca pénc ma,"},{"style":"q1","verse":"","text":"fa muy toog ca magi réew ma."},{"style":"q1","verse":"","text":""},{"style":"v","verse":"24","text":"Ndaw su ni mel day ràbb ay yére, di jaay,"},{"style":"q1","verse":"","text":"aki gañaay, di jox jaaykat yi."},{"style":"q1","verse":"","text":""},{"style":"v","verse":"25","text":"Faaydaak jom la làmboo,"},{"style":"q1","verse":"","text":"te ëllëg ubul boppam."},{"style":"q1","verse":"","text":""},{"style":"v","verse":"26","text":"Day wax lu xelu,"},{"style":"q1","verse":"","text":"di digle ngor."},{"style":"q1","verse":"","text":""},{"style":"v","verse":"27","text":"Jigéen jooju mooy bàyyi xel ci njabootam,"},{"style":"q1","verse":"","text":"te du nangoo yàccaaral."},{"style":"q1","verse":"","text":""},{"style":"v","verse":"28","text":"Doom ya dañu ko naan: «Jarawlakk!»"},{"style":"q1","verse":"","text":"Jëkkër ja di ko gërëm naan:"},{"style":"q1","verse":"","text":""},{"style":"v","verse":"29","text":"«Jeeg bu jàmbaare bare na,"},{"style":"q1","verse":"","text":"waaye yaw, yaa ci raw.»"},{"style":"q1","verse":"","text":""},{"style":"v","verse":"30","text":"Melokaan wu jekk day naxe, taar day wéy,"},{"style":"q1","verse":"","text":"waaye jigéen ju ragal Aji Sax ji,"},{"style":"q1","verse":"","text":"kookoo jara gërëm."},{"style":"q1","verse":"","text":""},{"style":"v","verse":"31","text":"Joxleen ko njukkalu ñaqam,"},{"style":"q1","verse":"","text":"jëfam di woyam ca pénc ma."}]