[{"style":"ms","verse":"","text":"Ñaari berndee ngii"},{"style":"mr","verse":"","text":"(Saar 9)"},{"style":"s1","verse":"","text":"Xel mu Rafet a ngi berndeel"},{"style":"q1","verse":"","text":""},{"style":"v","verse":"1","text":"Soxna si, Xel mu Rafet daa tabax këram,"},{"style":"q1","verse":"","text":"yatt juróom ñaari kenoom."},{"style":"q1","verse":"","text":""},{"style":"v","verse":"2","text":"Mu rendi ag juram, njafaan ay biiñam, xelli,"},{"style":"q1","verse":"","text":"taaj ay ndabam."},{"style":"q1","verse":"","text":""},{"style":"v","verse":"3","text":"Xel mu Rafet yónni ay janqam,"},{"style":"q1","verse":"","text":"di wootee fu kawee kawe ca dëkk ba,"},{"style":"q1","verse":"","text":""},{"style":"v","verse":"4","text":"naan: «Képp ku téxét, jàddal ba fii!»"},{"style":"q1","verse":"","text":"Ku ñàkk bopp, mu ne ko:"},{"style":"q1","verse":"","text":""},{"style":"v","verse":"5","text":"«Kaay, ma may la, nga lekk,"},{"style":"q1","verse":"","text":"xellil la biiñ bi ma njafaan, nga naan."},{"style":"q1","verse":"","text":""},{"style":"v","verse":"6","text":"Dëddul jëfi téxét ba dund,"},{"style":"q1","verse":"","text":"di jubal ci yoonu dégg.»"},{"style":"s1","verse":"","text":"Kuy xeloo ngii ak kuy ñaawle"},{"style":"q1","verse":"","text":""},{"style":"v","verse":"7","text":"Artu kuy ñaawle, feyoo saaga rekk,"},{"style":"q1","verse":"","text":"yedd ab soxor, yooloo loraange."},{"style":"q1","verse":"","text":""},{"style":"v","verse":"8","text":"Bul yedd kuy ñaawle, da lay jéppi;"},{"style":"q1","verse":"","text":"yeddal ku rafet xel, mu naw la."},{"style":"q1","verse":"","text":""},{"style":"v","verse":"9","text":"Xelalal ku xelu, mu yokku."},{"style":"q1","verse":"","text":"Xamalal ku jub, mu yokk njàngam."},{"style":"q1","verse":"","text":""},{"style":"v","verse":"10","text":"Ragal Aji Sax ji di njàlbéenu rafet xel,"},{"style":"q1","verse":"","text":"xam \\w Aji Sell|Aji Sell j-:\\w* ji di amug dégg."},{"style":"q1","verse":"","text":""},{"style":"v","verse":"11","text":"Maay Xel mu Rafet, ku ma topp gudd fan,"},{"style":"q1","verse":"","text":"dund, dundati."},{"style":"q1","verse":"","text":""},{"style":"v","verse":"12","text":"Rafet xel, jariñu,"},{"style":"q1","verse":"","text":"kuy kókkalee, wéetook sa añ."},{"style":"s1","verse":"","text":"Jigéen ju Dofee ngi berndeel"},{"style":"q1","verse":"","text":""},{"style":"v","verse":"13","text":"Soxna si, Jigéen ju Dof day xumb,"},{"style":"q1","verse":"","text":"reew, du xam lu xew."},{"style":"q1","verse":"","text":""},{"style":"v","verse":"14","text":"Day toog bunt këram,"},{"style":"q1","verse":"","text":"mbaa fu kawee kawe ca dëkk ba,"},{"style":"q1","verse":"","text":""},{"style":"v","verse":"15","text":"di woo ña fay jaare"},{"style":"q1","verse":"","text":"te jubal seenu yoon."},{"style":"q1","verse":"","text":""},{"style":"v","verse":"16","text":"Ma nga naa: «Képp ku téxét, jàddal ba fii!»"},{"style":"q1","verse":"","text":"Ku ñàkk bopp, mu ne ko:"},{"style":"q1","verse":"","text":""},{"style":"v","verse":"17","text":"«Ndox mu lewul a neex,"},{"style":"q1","verse":"","text":"ñamu làqu-lekk dàqati.»"},{"style":"q1","verse":"","text":""},{"style":"v","verse":"18","text":"Waaye kooka du xam ne waa njaniiw a nga fa,"},{"style":"q1","verse":"","text":"te ku wuyuji, tàbbi biir bàmmeel."}]