[{"style":"ip","verse":"","text":"Bindkatu bataaxal bii, mag la tudde boppam, di boroom cér ci mboolem gëmkat yi. Soloy bataaxal bii mook soloy bataaxal bu njëkk bi benn la. Moo tax ñu foog ne Yowaan moo ko bind. Ñi moom bataaxal bi ñooy menn mboolem gëmkat mu Yowaan dippee «soxna su tedd si ak ay doomam.»"},{"style":"ip","verse":"","text":"Yowaan di leen ñaax ngir ñuy soppante, tey wattu njàngale mu wérul. Mu di leen ñaax ci seetlu bu baax bala ñoo dalal ay gëmkat yuy tukki ngir wasaare xibaaru jàmm bu Almasi bi."},{"style":"ie","verse":"","text":""}]