[{"style":"mt1","text":"Yeremi"},{"style":"s1","verse":"","text":"Ubbite gi"},{"style":"p","verse":"","text":""},{"style":"v","verse":"1","text":"Muy kàddug Yeremi, góor gi baayam Ilkiya bokk ci \\w sarxalkat|sarxalkat b-:\\w* yi dëkk Anatot ca diiwaanu Beñamin."},{"style":"v","verse":"2","text":"Kàddug \\w Aji Sax ji|Aji Sax j-:\\w* dikkal ko ci jamonoy buuru réewum Yuda, Yosya doomu Amon. Mu yemook fukkeelu atu nguuram ak ñett."},{"style":"v","verse":"3","text":"Kàddug Aji Sax ji dikkal na ko ba tey ci janti buurub Yuda, Yoyakim doomu Yosya, di ko dikkal, ba keroog nguurug Cedesyas di jeex, jeneen doomu Yosya ja. Mu yemook fukkeelu atu nguuram ak benn, ca juróomeelu weer wa. Booba lañu jàpp waa Yerusalem njaam, yóbbu leen."},{"style":"ms1","verse":"","text":"Kàddug waxyu dal na Yuda"},{"style":"mr","verse":"","text":"(Saar 1.4---25.14)"},{"style":"s1","verse":"","text":"Yàlla woo na Yeremi"},{"style":"p","verse":"","text":""},{"style":"v","verse":"4","text":"Kàddug Aji Sax ji dikkal na ma, ne ma:"},{"style":"q1","verse":"","text":""},{"style":"v","verse":"5","text":"«Laata ma lay sos ci sa biiru ndey, laa la xam;"},{"style":"q1","verse":"","text":"laata ngay juddoo ci sa ndey, laa la séddoo,"},{"style":"q1","verse":"","text":"def la ngay yonent ñeel xeet yi.»"},{"style":"b","verse":"","text":""},{"style":"q1","verse":"","text":""},{"style":"v","verse":"6","text":"Ma ne: «Éy Boroom bi Aji Sax ji,"},{"style":"q1","verse":"","text":"da di manumaa wax, gone doŋŋ laa.»"},{"style":"b","verse":"","text":""},{"style":"q1","verse":"","text":""},{"style":"v","verse":"7","text":"Aji Sax ji ne ma: «Bul ne: “Gone laa.”"},{"style":"q1","verse":"","text":"Képp ku ma la yebal, dem ca;"},{"style":"q1","verse":"","text":"lépp lu ma la sant, wax ko."},{"style":"q1","verse":"","text":""},{"style":"v","verse":"8","text":"Bu leen ragal, ngir yaw laay àndal,"},{"style":"q1","verse":"","text":"di la xettali.»"},{"style":"q2","verse":"","text":"Kàddug Aji Sax jee."},{"style":"b","verse":"","text":""},{"style":"q1","verse":"","text":""},{"style":"v","verse":"9","text":"Aji Sax ji tàllal loxoom, laal sama gémmiñ."},{"style":"q1","verse":"","text":"Aji Sax ji ne ma:"},{"style":"q1","verse":"","text":"«Mu ngoog, sexal naa la samay kàddu."},{"style":"q1","verse":"","text":""},{"style":"v","verse":"10","text":"Ma ne, tabb naa la bés niki tey,"},{"style":"q1","verse":"","text":"ci kaw xeet yeek réew yi,"},{"style":"q1","verse":"","text":"ngay buddat, di fàqat,"},{"style":"q1","verse":"","text":"di yàqate aka daaneel,"},{"style":"q1","verse":"","text":"di defar aka jëmbat.»"},{"style":"s1","verse":"","text":"Yàlla wone na ñaari misaal"},{"style":"p","verse":"","text":""},{"style":"v","verse":"11","text":"Kàddug Aji Sax ji dikkal ma, ne ma: «Yeremi, loo gis?» Ma ne ko: «Caru garabu saal laa gis.»"},{"style":"v","verse":"12","text":"Aji Sax ji ne ma: «Yaa ko gis, maa sàlloo def sama kàddu, ngir sottal ko.»"},{"style":"p","verse":"","text":""},{"style":"v","verse":"13","text":"Kàddug Aji Sax ji dikkalaat ma ñaareel bi yoon, ne ma: «Loo gis?» Ma ne: «Cin luy bax laa gis. Mu ngi joye bëj-gànnaar, jublook nun.»"},{"style":"v","verse":"14","text":"Aji Sax ji ne ma:"},{"style":"q1","verse":"","text":"«Bëj-gànnaar la safaan bay fettaxe,"},{"style":"q1","verse":"","text":"dal ci kaw waa réew mi mépp."},{"style":"q1","verse":"","text":""},{"style":"v","verse":"15","text":"Maa ngii déy, di woo"},{"style":"q1","verse":"","text":"mboolem waasoy réewi bëj-gànnaar ak seeni buur.»"},{"style":"q2","verse":"","text":"Kàddug Aji Sax jee."},{"style":"q1","verse":"","text":"«Dañuy dikk, ku ne dëj ngànguneem"},{"style":"q1","verse":"","text":"fi janook bunti Yerusalem,"},{"style":"q1","verse":"","text":"jànkoonteek tataam yépp,"},{"style":"q1","verse":"","text":"ak dëkki Yuda yépp."},{"style":"q1","verse":"","text":""},{"style":"v","verse":"16","text":"Maay biral samay àtteek ñoom"},{"style":"q1","verse":"","text":"ci seen mbon gi gépp:"},{"style":"q1","verse":"","text":"Dañu maa wacc,"},{"style":"q1","verse":"","text":"di taalal \\w cuuraay|cuuraay l-:\\w* yeneen yàlla,"},{"style":"q1","verse":"","text":"di sujjóotal lu ñu sàkke seeni loxo."},{"style":"b","verse":"","text":""},{"style":"q1","verse":"","text":""},{"style":"v","verse":"17","text":"«Yaw nag takkul te wax leen lépp lu ma la sant."},{"style":"q1","verse":"","text":"Bul am tiitaange fi seen kanam,"},{"style":"q1","verse":"","text":"lu ko moy ma tiital la fi seen kanam."},{"style":"b","verse":"","text":""},{"style":"q1","verse":"","text":""},{"style":"v","verse":"18","text":"«Maa ngii def la bésub tey"},{"style":"q1","verse":"","text":"nga mel ni dëkk bu mag bu tata wër,"},{"style":"q1","verse":"","text":"mel ni xeru weñ mbaa tatay xànjar,"},{"style":"q1","verse":"","text":"jàkkaarlook réew mi mépp,"},{"style":"q1","verse":"","text":"muy buuri Yuda aki kàngamam,"},{"style":"q1","verse":"","text":"di \\w sarxalkati|sarxalkat b-:\\w* réew mi ak baadoolo yi."},{"style":"q1","verse":"","text":""},{"style":"v","verse":"19","text":"Dañu lay xeex te duñu la man,"},{"style":"q1","verse":"","text":"yaw laay àndal, di la xettali.»"},{"style":"q2","verse":"","text":"Kàddug Aji Sax jee."}]