[{"style":"s1","verse":"","text":"Li ñaari dàmbi figg di misaal"},{"style":"p","verse":"","text":""},{"style":"v","verse":"1","text":"Gannaaw gi, Nebukatnecar buuru Babilon toxal na buurub Yuda Yekoña\\f + \\fr 24.1 \\fk Yekoña \\ft ak Yoyakin, kenn ki la.\\f* doomu Yoyakim, yóbbu ko Babilon, mook kàngami Yudaak liggéeykati xarala yaak liggéeykati weñ ya. Ba loolu amee Aji Sax ji am lu mu ma won: da maa jekki gis ñaari dàmbi figg yu tege fi kanam kër Aji Sax ji."},{"style":"v","verse":"2","text":"Genn dàmba gi di figg ju baaxa baax, mel ni witt mu njëkk. Dàmba gi ci des di figg ju bona bon ju kenn dul lekk ndax bon."},{"style":"p","verse":"","text":""},{"style":"v","verse":"3","text":"Aji Sax ji wax ma ne ma: «Yeremi, loo gis?» Ma ne ko: «Xanaa ay figg. Figg ju baax ji nag baax na lool, waaye ju bon ji daa bona bon, ba kenn du ko lekk ndax bon.»"},{"style":"p","verse":"","text":""},{"style":"v","verse":"4","text":"Kàddug Aji Sax ji nag dikkal ma, ne ma:"},{"style":"v","verse":"5","text":"«Aji Sax ji Yàllay Israayil dafa wax ne: Ni figg jii baaxe, ni laay geesoo mbaax ngàllog Yuda gi ma dàqe béreb bii, jëme leen réewum Babilon."},{"style":"v","verse":"6","text":"Maa leen di toppe bëtu mbaax, ba delloosi leen ci réew mii. Maa leen di defar te duma leen daaneel; jëmbat leen te duma leen buddi."},{"style":"v","verse":"7","text":"Maa leen di may coobarey xam ma, te xam ne maay Aji Sax ji, ba ñu doon sama ñoñu bopp, man ma doon seen Yàlla. Dinañu délseek seen léppi xol ci man déy!»"},{"style":"p","verse":"","text":""},{"style":"v","verse":"8","text":"Waaye Aji Sax ji déy dafa wax ne: «Ni figg jii bone, ba kenn manu koo lekk ndax bon, ni laay def Cedesyas buurub Yuda aki kàngamam ak ndesu Yerusalem. Muy ñi des ci réew mi, di ña toxuji Misra."},{"style":"v","verse":"9","text":"Maa leen di def ñu jara seexlu, di musibay mboolem réewi àddina, ba fépp fu ma leen sànni, seen tur di fa saaga te kuy léeboo ak kuy kókkalee mbaa ngay móoloo, ñoom ngay tudd."},{"style":"v","verse":"10","text":"Maay yebal saamar fi seen kaw ak xiif ak mbas, ba ñu raaf fi kaw suuf si ma leen joxoon, ñook seeni maam.»"}]