[{"style":"s1","verse":"","text":"Tuub jot na"},{"style":"q1","verse":"","text":""},{"style":"v","verse":"1","text":"Mu ne: «Su waay fasee jabaram,"},{"style":"q1","verse":"","text":"mu dem doon jabaru keneen,"},{"style":"q1","verse":"","text":"Su waa ja jëlaatee ndaw sa ëllëg\\f + \\fr 3.1 \\ft Yoonu Musaa mayul ku fase jabaram mu di ko jëlaat, gannaaw bu séyaatee ba tas. Seetal ci \\bk Baamtug yoon wi\\bk* 24.1-4.\\f*,"},{"style":"q1","verse":"","text":"ndax loolu du sobeel a sobeel réew mii?"},{"style":"q1","verse":"","text":"Moona yeen gànctu ngeen aki far yu bare,"},{"style":"q1","verse":"","text":"ana nu ngeen mana délsee fi man?»"},{"style":"q2","verse":"","text":"Kàddug Aji Sax jee."},{"style":"b","verse":"","text":""},{"style":"q1","verse":"","text":""},{"style":"v","verse":"2","text":"«Téenleen, séentu tund\\f + \\fr 3.2 \\fk tund: \\ft kaw tund yooyu lañu daan jaamoo tuur yi ñu foogoon ne dañuy nangul am njur.\\f* ya ne faraas!"},{"style":"q1","verse":"","text":"Ana fu ñu leen fi tëddewul?"},{"style":"q1","verse":"","text":"Ci yoon yi ngeen di yeeroo"},{"style":"q1","verse":"","text":"ni màngaan muy dogalee ci màndiŋ mi."},{"style":"q1","verse":"","text":"Sobeel ngeen réew meek seen gànctook seenug mbon."},{"style":"q1","verse":"","text":""},{"style":"v","verse":"3","text":"Moo tax waame aje,"},{"style":"q1","verse":"","text":"taw yiy mujje dikkul."},{"style":"q1","verse":"","text":"Teewul ngeen dëgër bët nib gànc,"},{"style":"q1","verse":"","text":"ñàkk gàcce!"},{"style":"q1","verse":"","text":""},{"style":"v","verse":"4","text":"Léegi ngeen di ma woo wall naa:"},{"style":"q1","verse":"","text":"“Baay, yaay sama xejj ca ba may ndaw."},{"style":"q1","verse":"","text":""},{"style":"v","verse":"5","text":"Xanaa deesul mer ba fàww?"},{"style":"q1","verse":"","text":"Xanaa xadar du sax?”"},{"style":"q1","verse":"","text":"Ma ne: “Israayiloo, yeena ko wax,"},{"style":"q1","verse":"","text":"waaye bon ngeen seen kemtalaay.”»"},{"style":"s1","verse":"","text":"Israayil woyof kumba, Yuda toogadi"},{"style":"p","verse":"","text":""},{"style":"v","verse":"6","text":"Aji Sax ji nag wax ma ci jamonoy buur Yosya ne ma: «Gis nga li Israayil Woyof-Kumba-si def? Di dem kaw tundoo tund ak ker garaboo garab gu naat, di fa gànctu."},{"style":"v","verse":"7","text":"Ma noon su defee loolu lépp ba noppi, dina délsi, te délsiwul. Te doomu ndeyam Yuda workat bi gis na ci."},{"style":"v","verse":"8","text":"Gis naa ne it Israayil Woyof-Kumba-si gànctu na ba ma yebal ko, jox ko kayitu pase, mu dem, te taxul doomu ndeyam Yuda workat bi ragal. Moom it daa dem di gànctu."},{"style":"v","verse":"9","text":"Ni gànctu yombe Israayil tax na réew mi sobewu. Njaaloo naak yàllay doj, njaalook yàllay bant."},{"style":"v","verse":"10","text":"Loolu yépp itam taxul Yuda workat bi, doomu ndeyu Israayil, délsee léppi xolam fi man, xanaa di jinigal rekk.» Kàddug Aji Sax jee."},{"style":"v","verse":"11","text":"Aji Sax ji nag ne ma: «Li Israayil di woyof kumba lépp sax moo tane Yuda workat bi."},{"style":"v","verse":"12","text":"Demal yéeneji kàddu yii fa bëj-gànnaar. Nga ne:"},{"style":"q1","verse":"","text":"“Israayiloo, Woyof-Kumba, délsil.”"},{"style":"q2","verse":"","text":"Kàddug Aji Sax jee."},{"style":"q1","verse":"","text":"“Duma la fasal kanam."},{"style":"q1","verse":"","text":"Man Boroom ngor laa,"},{"style":"q1","verse":"","text":"te duma jàpp mer ba fàww.”"},{"style":"q2","verse":"","text":"Kàddug Aji Sax jee."},{"style":"q1","verse":"","text":""},{"style":"v","verse":"13","text":"“Nangul ne ñaaw nga rekk,"},{"style":"q1","verse":"","text":"te man sa Yàlla Aji Sax ji nga tooñ,"},{"style":"q1","verse":"","text":"di wër di fowe sa bopp ak yàllay doxandéem yi"},{"style":"q1","verse":"","text":"ci ker garaboo garab gu naat,"},{"style":"q1","verse":"","text":"te dégluwoo ma.”»"},{"style":"q2","verse":"","text":"Kàddug Aji Sax jee."},{"style":"q1","verse":"","text":""},{"style":"v","verse":"14","text":"«Yeen doom yu woyof kumba yi, délsileen.»"},{"style":"q2","verse":"","text":"Kàddug Aji Sax jee."},{"style":"q1","verse":"","text":"«Maay seen boroom kër,"},{"style":"q1","verse":"","text":"maay jële kenn ci bii dëkk,"},{"style":"q1","verse":"","text":"ñaar ca bee gox,"},{"style":"q1","verse":"","text":"boole indi \\w Siyoŋ|Siyoŋ:\\w*,"},{"style":"q1","verse":"","text":""},{"style":"v","verse":"15","text":"tànnal leen sàmm yu ma doy,"},{"style":"q1","verse":"","text":"ñu sàmme leen xam-xam ak xareñ."},{"style":"q1","verse":"","text":""},{"style":"v","verse":"16","text":"Janti keroog bu ngeen baree ba giir ci réew mi,"},{"style":"q1","verse":"","text":"deesul waxe \\w gaalu kóllërey Aji Sax|gaalu kóllëre g-:\\w* ji\\f + \\fr 3.16 \\fk gaalu kóllërey Aji Sax ji \\ft moo doon firndeel teewaayu Aji Sax ji ci digg bànni Israayil.\\f*;"},{"style":"q1","verse":"","text":"xel dootu ci dem,"},{"style":"q1","verse":"","text":"deesu ko fàttaliku sax,"},{"style":"q1","verse":"","text":"te deesu ko namm,"},{"style":"q1","verse":"","text":"deesu ko sàkkati sax.»"},{"style":"q2","verse":"","text":"Kàddug Aji Sax jee."},{"style":"q1","verse":"","text":""},{"style":"v","verse":"17","text":"«Janti keroog"},{"style":"q1","verse":"","text":"Yerusalem, ngànguney Aji Sax ji lees koy woowe,"},{"style":"q1","verse":"","text":"xeetoo xeet di fi daje,"},{"style":"q1","verse":"","text":"ngir Aji Sax ji turam ñeel Yerusalem,"},{"style":"q1","verse":"","text":"te dootuñu të ticc ci seen mébét yu bon."},{"style":"q1","verse":"","text":""},{"style":"v","verse":"18","text":"Janti keroog waa kër Yuda"},{"style":"q1","verse":"","text":"ànd ak waa kër Israayil,"},{"style":"q1","verse":"","text":"bawoondoo réewum bëj-gànnaar,"},{"style":"q1","verse":"","text":"wuti réew ma ma séddoon seeni maam."},{"style":"b","verse":"","text":""},{"style":"q1","verse":"","text":""},{"style":"v","verse":"19","text":"«Maa leen naroona teral ni doom yu góor,"},{"style":"q1","verse":"","text":"may leen suuf su xemmemlu,"},{"style":"q1","verse":"","text":"ngeen gënle xeet yépp suuf."},{"style":"q1","verse":"","text":"Ma noon dingeen ma woowe baay"},{"style":"q1","verse":"","text":"te dungeen ma dëddu mukk."},{"style":"q1","verse":"","text":""},{"style":"v","verse":"20","text":"Teewul, yeen waa kër Israayiloo, ngeen wor ma,"},{"style":"q1","verse":"","text":"ni as ndaw di wore faram.»"},{"style":"q2","verse":"","text":"Kàddug Aji Sax jee."},{"style":"q1","verse":"","text":""},{"style":"v","verse":"21","text":"«Coow dégtu na ca kaw tund ya ne faraas,"},{"style":"q1","verse":"","text":"\\w bànni Israayil|bànni Israayil:\\w* ay jooy aka tinu."},{"style":"q1","verse":"","text":"Ñoo lajj seenu yoon,"},{"style":"q1","verse":"","text":"fàtte seen Yàlla Aji Sax ji."},{"style":"q1","verse":"","text":""},{"style":"v","verse":"22","text":"Yeen doom yu woyof kumba yi,"},{"style":"q1","verse":"","text":"waññikuleen, ma fajtal seen woyof kumba.»"},{"style":"s1","verse":"","text":"Kàdduy tuub jib na"},{"style":"q1","verse":"","text":"Nu ngi nii fekksi la,"},{"style":"q1","verse":"","text":"yaw kay yaay sunu Yàlla Aji Sax ji."},{"style":"q1","verse":"","text":""},{"style":"v","verse":"23","text":"Naxi neen kay lañu jële ca xërëmi tund yu ndaw ya"},{"style":"q1","verse":"","text":"ak coowal kaw tund yu mag ya."},{"style":"q1","verse":"","text":"Muccu Israayil kay, fi sunu Yàlla Aji Sax ji."},{"style":"q1","verse":"","text":""},{"style":"v","verse":"24","text":"Ba nuy gone ba tey,"},{"style":"q1","verse":"","text":"tuur mu ruslu maa ngi neenal ñaqu maam yi,"},{"style":"q1","verse":"","text":"seen jur gu gudd ak gu gàtt,"},{"style":"q1","verse":"","text":"ba ci seeni doom, góor ak jigéen."},{"style":"q1","verse":"","text":""},{"style":"v","verse":"25","text":"Nan gapparoo sunu gàcce,"},{"style":"q1","verse":"","text":"sàngoo sunu toroxte."},{"style":"q1","verse":"","text":"Nook sunuy maam déy,"},{"style":"q1","verse":"","text":"ba nuy gone ba tey jii,"},{"style":"q1","verse":"","text":"nu ngi tooñ sunu Yàlla Aji Sax ji,"},{"style":"q1","verse":"","text":"te déggalunu sunu Yàlla Aji Sax ji."}]