[{"style":"ms1","verse":"","text":"Yeremi yéene na yeeslug jàmm"},{"style":"mr","verse":"","text":"(Saar 30---33)"},{"style":"s1","verse":"","text":"Nii la yéene bi tënkoo"},{"style":"p","verse":"","text":""},{"style":"v","verse":"1","text":"Kàddu gii dikkal na Yeremi, bawoo fa Aji Sax ji, ne ko:"},{"style":"v","verse":"2","text":"«Aji Sax ji Yàllay Israayil dafa wax ne: Nanga bind cib téere kàddu yi ma la wax yépp."},{"style":"v","verse":"3","text":"Ndax kat ay bés a ngii di ñëw,» kàddug Aji Sax jee, «maay tijjil sama ñoñ seen wërsëg, muy Israayil di Yuda.» Aji Sax jee ko wax. «Maa leen di delloo ca suuf sa ma moomale woon seeni maam.»"},{"style":"s1","verse":"","text":"Ay teraanga nuyoo na"},{"style":"p","verse":"","text":""},{"style":"v","verse":"4","text":"Kàddu yii la Aji Sax ji wax ci mbirum Israayil ak ci mbirum Yuda."},{"style":"q1","verse":"","text":""},{"style":"v","verse":"5","text":"«Aji Sax ji déy dafa wax ne:"},{"style":"q1","verse":"","text":"Yuuxi tiitaange dégtu na,"},{"style":"q1","verse":"","text":"njàqare la, du jàmm."},{"style":"q1","verse":"","text":""},{"style":"v","verse":"6","text":"Laajteleen te xool,"},{"style":"q1","verse":"","text":"ndax góor day wasin léegi?"},{"style":"q1","verse":"","text":"Moona maa gis jàmbaar ju nekk jatu,"},{"style":"q1","verse":"","text":"ni kuy matu,"},{"style":"q1","verse":"","text":"kanam xoyyi."},{"style":"q1","verse":"","text":""},{"style":"v","verse":"7","text":"Wóoy boobu bés bu réy,"},{"style":"q1","verse":"","text":"ba bés du ni mel!"},{"style":"q1","verse":"","text":"Bésu njàqare lay doon"},{"style":"q1","verse":"","text":"ñeel askanu \\w Yanqóoba|Yanqóoba:\\w*,"},{"style":"q1","verse":"","text":"waaye dañuy mucc."},{"style":"p","verse":"","text":""},{"style":"v","verse":"8","text":"«Bésub keroog,» kàddug Aji Sax jee, Boroom gàngoori xare yi, «maay damm yet wi ñu leen tënke ci seen ndodd, dammat seeni jéng, ba dootuñu doon jaamu doxandéem."},{"style":"v","verse":"9","text":"Waaye seen Yàlla Aji Sax ji lañuy jaamu ak seen buur bi ma leen di falal, mu toogal Daawuda."},{"style":"q1","verse":"","text":""},{"style":"v","verse":"10","text":"Waaye yaw Yanqóoba sama jaam,"},{"style":"q1","verse":"","text":"bul tiit,» kàddug Aji Sax jee;"},{"style":"q1","verse":"","text":"«yaw Israayil, bul ragal."},{"style":"q1","verse":"","text":"Fu sore laa lay wallujee,"},{"style":"q1","verse":"","text":"yaak sa askan wa ca réewum njaam ga,"},{"style":"q1","verse":"","text":"Yanqóoba dellu dal, fegu;"},{"style":"q1","verse":"","text":"kenn dootu ko tiital."},{"style":"q1","verse":"","text":""},{"style":"v","verse":"11","text":"Maa ngeek yaw, nar laa wallu.»"},{"style":"q2","verse":"","text":"Kàddug Aji Sax jee."},{"style":"q1","verse":"","text":"«Maay faagaagal mboolem xeet ya ma la sànniji."},{"style":"q1","verse":"","text":"Yaw nag duma la faagaagal,"},{"style":"q1","verse":"","text":"duma la ñàkka topp moos,"},{"style":"q1","verse":"","text":"waaye li nga yelloo laa lay yare.»"},{"style":"b","verse":"","text":""},{"style":"q1","verse":"","text":""},{"style":"v","verse":"12","text":"Aji Sax ji déy dafa wax ne:"},{"style":"q1","verse":"","text":"«Sa damm-damm du faju,"},{"style":"q1","verse":"","text":"sa góom du wér."},{"style":"q1","verse":"","text":""},{"style":"v","verse":"13","text":"Amul ku lay sàmmal sa àq,"},{"style":"q1","verse":"","text":"te sab dana amul pajtal mu baax."},{"style":"q1","verse":"","text":""},{"style":"v","verse":"14","text":"Sa soppe yépp a la fàtte,"},{"style":"q1","verse":"","text":"kenn faalewu la ci,"},{"style":"q1","verse":"","text":"ndax dumay noon laa la duma,"},{"style":"q1","verse":"","text":"yar la yarinu ku néeg"},{"style":"q1","verse":"","text":"ngir sa ñaawtéef ju réy"},{"style":"q1","verse":"","text":"ak sa bàkkaar yu bare."},{"style":"b","verse":"","text":""},{"style":"q1","verse":"","text":""},{"style":"v","verse":"15","text":"«Damm-damm yu dul wér"},{"style":"q1","verse":"","text":"ak mitit wu tar jarul jooy."},{"style":"q1","verse":"","text":"Maa la teg lii,"},{"style":"q1","verse":"","text":"ndax sa ñaawtéef ju réy"},{"style":"q1","verse":"","text":"ak sa bàkkaar yu bare."},{"style":"q1","verse":"","text":""},{"style":"v","verse":"16","text":"Waaye ku la lekk, dees na ko lekk;"},{"style":"q1","verse":"","text":"sa noon yépp lañuy jàpp njaam ba ñu daj."},{"style":"q1","verse":"","text":"Ku la futti, dees na ko futti,"},{"style":"q1","verse":"","text":"ku la saax-saaxee dees na ko saax-saaxee."},{"style":"b","verse":"","text":""},{"style":"q1","verse":"","text":""},{"style":"v","verse":"17","text":"«Ñu ngi la naan: “Waccees na la,”"},{"style":"q1","verse":"","text":"naan la: “\\w Siyoŋ|Siyoŋ:\\w* yaw, faaleesu la,”"},{"style":"q1","verse":"","text":"waaye maa lay may wér,"},{"style":"q1","verse":"","text":"faj say góom.»"},{"style":"q2","verse":"","text":"Kàddug Aji Sax jee."},{"style":"q1","verse":"","text":""},{"style":"v","verse":"18","text":"Aji Sax ji dafa wax ne:"},{"style":"q1","verse":"","text":"«Maa ngii di tijji wërsëgu askanu Yanqóoba,"},{"style":"q2","verse":"","text":"ñibbisil leen,"},{"style":"q1","verse":"","text":"baaxe seeni dëkkuwaay,"},{"style":"q1","verse":"","text":"ba dëkk dekkee ca tundam wu gentoon,"},{"style":"q1","verse":"","text":"kër buur taxawaat bérebam,"},{"style":"q1","verse":"","text":""},{"style":"v","verse":"19","text":"cant jollee ca,"},{"style":"q1","verse":"","text":"di riirum mbégte."},{"style":"q1","verse":"","text":"Maa leen di ful,"},{"style":"q1","verse":"","text":"te duñu wàññiku,"},{"style":"q1","verse":"","text":"darajaal leen,"},{"style":"q1","verse":"","text":"te dootuñu tuut."},{"style":"q1","verse":"","text":""},{"style":"v","verse":"20","text":"Seeni doom dañuy mel na woon,"},{"style":"q1","verse":"","text":"seen mbooloo sax fi sama kanam,"},{"style":"q1","verse":"","text":"may mbugal ñi leen di sonal."},{"style":"q1","verse":"","text":""},{"style":"v","verse":"21","text":"Su boobaa seen njiit di seen deret,"},{"style":"q1","verse":"","text":"di seen kilifa, soqikoo ci ñoom;"},{"style":"q1","verse":"","text":"ma woo ko, mu jege ma,"},{"style":"q1","verse":"","text":"nde nit jaayul bakkanam,"},{"style":"q1","verse":"","text":"ba jegesi ma te woowuma ko\\f + \\fr 30.21 \\ft Leeru Yàlla, jegee ko noonu, bakkanu nit ki xaj na ci. Néegu biir ba ca kër Yàlla ga sax, du ñépp a fa mana àgg. Sarxalkat bu mag baa fa daa dugg benn yoon cim at. Keneen ku fa dugg dee. Seetal ci \\bk Sarxalkat yi\\bk* saar 16; 21.17; 22.3.\\f*!»"},{"style":"q2","verse":"","text":"Kàddug Aji Sax jee."},{"style":"q1","verse":"","text":""},{"style":"v","verse":"22","text":"«Yeenay doon sama ñoñ,"},{"style":"q1","verse":"","text":"man, may seen Yàlla.»"},{"style":"b","verse":"","text":""},{"style":"q1","verse":"","text":""},{"style":"v","verse":"23","text":"Ngëlénu Aji Sax jaa ngoog,"},{"style":"q1","verse":"","text":"sànjam fettax na,"},{"style":"q1","verse":"","text":"di aw callweer,"},{"style":"q1","verse":"","text":"callweeral boppu ku bon."},{"style":"q1","verse":"","text":""},{"style":"v","verse":"24","text":"Sànjam Aji Sax ju tàng ji du giif,"},{"style":"q1","verse":"","text":"te sottalul li mu nar."},{"style":"q1","verse":"","text":"Fan yu mujj ya"},{"style":"q1","verse":"","text":"ngeen xam ci dara."}]