[{"style":"s1","verse":"","text":"Israayil séentu na sancaatub réewam"},{"style":"q1","verse":"","text":""},{"style":"v","verse":"1","text":"«Su boobaa,» kàddug Aji Sax jee, «maay doon Yàllay làngi Israayil yépp,"},{"style":"q1","verse":"","text":"ñoom ñuy sama ñoñ.»"},{"style":"b","verse":"","text":""},{"style":"q1","verse":"","text":""},{"style":"v","verse":"2","text":"Aji Sax ji dafa wax ne:"},{"style":"q1","verse":"","text":"«Waa Israayil ñi rëcc ñawkay saamar,"},{"style":"q1","verse":"","text":"daje nañook yiw ci màndiŋ mi,"},{"style":"q1","verse":"","text":"fekk ñuy sàkku noflaay.»"},{"style":"q1","verse":"","text":""},{"style":"v","verse":"3","text":"Ñu ne: «Bu yàgg la nu Aji Sax ji feeñu,"},{"style":"q1","verse":"","text":"ne nu: “Maa leen masa bëgg,"},{"style":"q1","verse":"","text":"ba tax ma sédd leen ngor."},{"style":"q1","verse":"","text":""},{"style":"v","verse":"4","text":"Yaw Israayil mu taaru,"},{"style":"q1","verse":"","text":"maa lay defaraat, nga defaru,"},{"style":"q1","verse":"","text":"ba jiinaat sam njiin,"},{"style":"q1","verse":"","text":"wàlli peccum mbéx,"},{"style":"q1","verse":"","text":""},{"style":"v","verse":"5","text":"jëmbataat sa tóokëri reseñ"},{"style":"q1","verse":"","text":"ca mbartali Samari,"},{"style":"q1","verse":"","text":"te ku jëmbat, xéewlu ca."},{"style":"q1","verse":"","text":""},{"style":"v","verse":"6","text":"Bés dina ñëw déy,"},{"style":"q1","verse":"","text":"wattukat yéenee fa kaw tundu Efrayim"},{"style":"q1","verse":"","text":"ne: ‘Aycaleen nu yéegi tundu \\w Siyoŋ|Siyoŋ:\\w*,"},{"style":"q1","verse":"","text":"fa sunu Yàlla Aji Sax ji.’ ”»"},{"style":"b","verse":"","text":""},{"style":"q1","verse":"","text":""},{"style":"v","verse":"7","text":"Aji Sax ji déy dafa wax ne:"},{"style":"q1","verse":"","text":"«Sarxolleleen, bége askanu \\w Yanqóoba|Yanqóoba:\\w*,"},{"style":"q1","verse":"","text":"xaaculleen xeet woowu jiitu,"},{"style":"q1","verse":"","text":"biralleen cant te ne:"},{"style":"q1","verse":"","text":"“Éy Aji Sax ji, wallul ndesu Israayil, sa ñoñ ñii.”"},{"style":"q1","verse":"","text":""},{"style":"v","verse":"8","text":"Maa ngii di jële sama ñoñ réewum bëj-gànnaar,"},{"style":"q1","verse":"","text":"dajale leen fa cati àddina."},{"style":"q1","verse":"","text":"Silmaxaa ngi ci akub lafañ,"},{"style":"q1","verse":"","text":"jigéenu wérul it ak kuy wasin,"},{"style":"q1","verse":"","text":"ñuy gàngoor gu mag, délsi fii."},{"style":"q1","verse":"","text":""},{"style":"v","verse":"9","text":"Ñooy dikk di jooy, di leewaayu,"},{"style":"q1","verse":"","text":"ma jiite leen, yóbbu,"},{"style":"q1","verse":"","text":"jaare leen xàll wu jub wu ñu dul fakkastaloo,"},{"style":"q1","verse":"","text":"ba ca wali ndox ya,"},{"style":"q1","verse":"","text":"ngir maay baayu Israayil"},{"style":"q1","verse":"","text":"miy Efrayim, sama taaw.»"},{"style":"sp","verse":"","text":"Yeremeey wax"},{"style":"q1","verse":"","text":""},{"style":"v","verse":"10","text":"Yeen xeet yi, dégluleen kàddug Aji Sax ji,"},{"style":"q1","verse":"","text":"yégleleen ko ca tefes yu sore ya."},{"style":"q1","verse":"","text":"Ne leen: «Ki tasaare woon Israayil, moo leen di dajale,"},{"style":"q1","verse":"","text":"sàmm leen nib sàmm ak géttam.»"},{"style":"q1","verse":"","text":""},{"style":"v","verse":"11","text":"Aji Sax jee goreel askanu \\w Yanqóoba|Yanqóoba:\\w*,"},{"style":"q1","verse":"","text":"jot ko ci loxol ku ko ëpp doole."},{"style":"q1","verse":"","text":""},{"style":"v","verse":"12","text":"Ñooy dikk, di sarxollee kaw tundu Siyoŋ,"},{"style":"q1","verse":"","text":"ne ràññ ndax ngëneeli Aji Sax ji:"},{"style":"q1","verse":"","text":"pepp ak biiñ aku diw, gàtt aki nag,"},{"style":"q1","verse":"","text":"bakkan ni tool bu ñu suuxat,"},{"style":"q1","verse":"","text":"dootuñu yoggoorlu."},{"style":"sp","verse":"","text":"Yàllaay wax"},{"style":"q1","verse":"","text":""},{"style":"v","verse":"13","text":"«Su boobaa janq bégem pooj,"},{"style":"q1","verse":"","text":"waxambaaneek mag feelu ko,"},{"style":"q1","verse":"","text":"ma soppi seen ñaawlu mbégte, dëfal leen,"},{"style":"q1","verse":"","text":"bànneexal leen, ñu dëddu naqar."},{"style":"q1","verse":"","text":""},{"style":"v","verse":"14","text":"Maay yafal \\w sarxalkat|sarxalkat b-:\\w* yi, ba reggal leen,"},{"style":"q1","verse":"","text":"sama ñoñ ñi regge sama ngëneel.»"},{"style":"q2","verse":"","text":"Kàddug Aji Sax jee."},{"style":"b","verse":"","text":""},{"style":"q1","verse":"","text":""},{"style":"v","verse":"15","text":"Aji Sax ji dafa wax ne:"},{"style":"q1","verse":"","text":"«Baat dégtu na fa Raama,"},{"style":"q1","verse":"","text":"ay yuux aki jooy yu metti."},{"style":"q1","verse":"","text":"Rasel ay jooy ay doomam,"},{"style":"q1","verse":"","text":"baña noppi,"},{"style":"q1","verse":"","text":"nde doomam ya wuute.»"},{"style":"q1","verse":"","text":""},{"style":"v","verse":"16","text":"Aji Sax ji nag ne ko:"},{"style":"q1","verse":"","text":"«Baal sa jooy yi"},{"style":"q1","verse":"","text":"te fomp say rongooñ,"},{"style":"q1","verse":"","text":"dees na la yool sa coono.»"},{"style":"q2","verse":"","text":"Kàddug Aji Sax jee."},{"style":"q1","verse":"","text":"«Say doom ay jóge réewu noon, ñibbisi."},{"style":"q1","verse":"","text":""},{"style":"v","verse":"17","text":"Am nga yaakaaru ëllëg.»"},{"style":"q2","verse":"","text":"Kàddug Aji Sax jee."},{"style":"q1","verse":"","text":"«Say doom ay délsi seenum réew."},{"style":"q1","verse":"","text":""},{"style":"v","verse":"18","text":"Maa dégg moos askanu Efrayim di binni"},{"style":"q1","verse":"","text":"naan: “Aji Sax ji, duma nga noo duma,"},{"style":"q1","verse":"","text":"ni sëllu wu dese tàggat."},{"style":"q1","verse":"","text":"Ngalla waññi nu, nu waññiku;"},{"style":"q1","verse":"","text":"yaw Aji Sax ji, yaa di sunu Yàlla."},{"style":"q1","verse":"","text":""},{"style":"v","verse":"19","text":"Dëddu woon nanu la moos"},{"style":"q1","verse":"","text":"waaye léegi réccu nanu."},{"style":"q1","verse":"","text":"Xam nan ne tooñ nanu,"},{"style":"q1","verse":"","text":"ba tey nuy màttuy wiccax."},{"style":"q1","verse":"","text":"Danoo rus, torox"},{"style":"q1","verse":"","text":"ndax sunu ñaawtéefi ndaw.”»"},{"style":"b","verse":"","text":""},{"style":"q1","verse":"","text":""},{"style":"v","verse":"20","text":"Aji Sax ji ne:"},{"style":"q1","verse":"","text":"«Xanaa du Efrayim\\f + \\fr 31.20 \\fk Efrayim, \\ft kenn la ci sëti Yanqóoba mi ñu dippee Israayil. Turu Efrayim wi fii, askanu Israayil la fi taxawal.\\f* ay sama doom ji ma sopp,"},{"style":"q1","verse":"","text":"di gone gi may bànneexal?"},{"style":"q1","verse":"","text":"Lu ma ko gëdd gëdd,"},{"style":"q1","verse":"","text":"di ko bàyyi xel."},{"style":"q1","verse":"","text":"Moo tax sama xol di ko laaj,"},{"style":"q1","verse":"","text":"ma yërëm koo yërëm.»"},{"style":"q2","verse":"","text":"Kàddug Aji Sax jee."},{"style":"b","verse":"","text":""},{"style":"q1","verse":"","text":""},{"style":"v","verse":"21","text":"«Sampal ay xàmmikaay ci yoon wi,"},{"style":"q1","verse":"","text":"teg fi say màndarga."},{"style":"q1","verse":"","text":"Booy dem, defal sa xel ci yoon wii,"},{"style":"q1","verse":"","text":"ñall wii nga topp."},{"style":"q1","verse":"","text":"Israayil mu taaru mi, ñibbisil,"},{"style":"q1","verse":"","text":"ñibbisil sa dëkk yii."},{"style":"q1","verse":"","text":""},{"style":"v","verse":"22","text":"Ndaw su toogadi si,"},{"style":"q1","verse":"","text":"foo àppal sa ciŋiñ-caŋañ ji?"},{"style":"q1","verse":"","text":"Aji Sax ji déy, sàkk na guléet kaw suuf:"},{"style":"q1","verse":"","text":"yees ba mel ni jigéen juy jëflanteek góor\\f + \\fr 31.22 \\ft Waxin la wu yéeme wuy wund jëfi guléet ju kenn séentuwul, waaye xamuñu dëgg la mu tekki woon ca yooya jamono.\\f*.»"},{"style":"p","verse":"","text":""},{"style":"v","verse":"23","text":"Aji Sax ji Yàllay Israayil, Boroom gàngoor yi dafa wax ne: «Bu ma tijjee seen wërsëg, kàddu gii dina jibati ci réewum Yuda ak dëkk yi ko séq."},{"style":"q1","verse":"","text":"Dees na ne: “Yaw màkkaanu njubte bii,"},{"style":"q1","verse":"","text":"yaw, tundu Siyoŋ wu sell wi,"},{"style":"q1","verse":"","text":"yal na la Aji Sax ji barkeel!”"},{"style":"p","verse":"","text":""},{"style":"v","verse":"24","text":"«Waa réewum Yuda ak dëkk-dëkkaanam yépp ay bokk dëkk, ak beykat yeek màngaan yi yor gétt."},{"style":"v","verse":"25","text":"Maay nàndal ku mar, leqali ku loof.»"},{"style":"sp","verse":"","text":"Yeremeey wax"},{"style":"p","verse":"","text":""},{"style":"v","verse":"26","text":"Ba loolu amee ma yewwu, ne xiféet, xam ne samay nelaw neex na."},{"style":"s1","verse":"","text":"Aji Sax ji teewlul na Israayil"},{"style":"p","verse":"","text":""},{"style":"v","verse":"27","text":"«Bés a ngii nag di ñëw,» kàddug Aji Sax jee, «yu may jiwe kërug Israayil ak kërug Yuda jiwum doom aadama ak jiwum mala."},{"style":"v","verse":"28","text":"Te ni ma leen teewloo woon ba ma leen di buddat, di leen fàqat, di leen daaneel, di leen yàqate aka lor, noonu laa leen di teewloo ngir defar leen, jëmbat leen.» Kàddug Aji Sax jee."},{"style":"v","verse":"29","text":"«Su boobaa deesatul ne:"},{"style":"q1","verse":"","text":"“Baay lekk reseñ ju xaay,"},{"style":"q1","verse":"","text":"mu uum bëñu doom ja.”"},{"style":"m","verse":"","text":""},{"style":"v","verse":"30","text":"Su boobaa ku nekk sa bàkkaaru bopp a lay rey. Ku lekk reseñ yu xaay, sa gëñi bopp lay uum."},{"style":"s1","verse":"","text":"Kóllëre gu yees a ngii"},{"style":"p","verse":"","text":""},{"style":"v","verse":"31","text":"«Ay bés a ngii di ñëw,» kàddug Aji Sax jee, «yu may fas ak waa kër Israayil ak waa kër Yuda \\w kóllëre|kóllëre g-:\\w* gu yees."},{"style":"v","verse":"32","text":"Du mel ni kóllëre ga ma fasoon ak seeni maam keroog ba ma leen jàppee ci loxo, génne leen réewum Misra. Ndax ñoom ñoo fecci sama kóllëre, te man may seen boroom kër.» Kàddug Aji Sax jee."},{"style":"v","verse":"33","text":"«Waaye kóllëre gi may fas ak waa kër Israayil bu fan yooyu weesoo,» kàddug Aji Sax jee, «nii lay deme: Maay yeb sama ndigali yoon ci seen xel, ci seen xol laa koy ñaas. Maay doon seen Yàlla, ñoom ñu doon sama ñoñ."},{"style":"v","verse":"34","text":"Kenn dootul soxlaa jàngal kenn, muy moroomam mbaa mbokkam, naan ko: “Ràññeel Aji Sax ji!” Ndax ñoom ñépp a may ràññee, ki gëna tuut ba ci ki gëna mag,» kàddug Aji Sax jee, «ndax maa leen di jéggal seeni ñaawtéef, te seeni bàkkaar, duma ci bàyyeeti xel.»"},{"style":"s1","verse":"","text":"Lii mooy saxal Israayil"},{"style":"q1","verse":"","text":""},{"style":"v","verse":"35","text":"Aji Sax ji dafa wax,"},{"style":"q1","verse":"","text":"moom mi dogal jant di leeral bëccëg,"},{"style":"q1","verse":"","text":"dogal weer ak biddiiw di leeral guddi,"},{"style":"q1","verse":"","text":"yëngal géej, gannax yi riir,"},{"style":"q1","verse":"","text":"kookooy Aji Sax ji Boroom gàngoor yi,"},{"style":"q1","verse":"","text":""},{"style":"v","verse":"36","text":"mu ne: «Su dogal yooyu manoona toxu, may gis,"},{"style":"q1","verse":"","text":"su boobaa askanu Israayil dina mana fey ba fàww, may gis.»"},{"style":"q2","verse":"","text":"Kàddug Aji Sax jee."},{"style":"b","verse":"","text":""},{"style":"q1","verse":"","text":""},{"style":"v","verse":"37","text":"Aji Sax ji dafa wax ne:"},{"style":"q1","verse":"","text":"«Su nit manoona natt kawewaayu asamaan,"},{"style":"q1","verse":"","text":"mbaa mu manoona xayma xóotaayu suuf,"},{"style":"q1","verse":"","text":"su boobaa ma mana xalab mboolem askanu Israayil,"},{"style":"q1","verse":"","text":"xalab leen ndax li ñu def lépp.»"},{"style":"q2","verse":"","text":"Kàddug Aji Sax jee."},{"style":"p","verse":"","text":""},{"style":"v","verse":"38","text":"Mu ne: «Ay bés a ngi ñëw,» kàddug Aji Sax jee, «dees na tabaxalaat Aji Sax ji dëkku Yerusalem, dale ko ca soorooru tata bu tudd Ananel ba ca buntu Ruq ba."},{"style":"v","verse":"39","text":"Dees na fa rëddaat kemu dëkk bi, jubal ba tundu Gareb, wëri ba Gowa."},{"style":"v","verse":"40","text":"Mboolem xur yu ñu sànni néew yaak dóomu-taal ak mboolem tool ya, ba ca yoonu ndox ma ca Sedoron, ba ca ruqu buntu Fas ya ca penku: lépp lees di sellalal Aji Sax ji. Deesatu fa buddat mbaa di fa daaneel dara.»"}]