[{"style":"q1","verse":"","text":""},{"style":"v","verse":"1","text":"«Yaw Israayil, sooy waññiku,"},{"style":"q1","verse":"","text":"waññikul fi man.»"},{"style":"q2","verse":"","text":"Kàddug Aji Sax jee."},{"style":"q1","verse":"","text":"«Soo jëlee fi sama kanam"},{"style":"q1","verse":"","text":"sa jëf ju siblu,"},{"style":"q1","verse":"","text":"te jenguloo,"},{"style":"q1","verse":"","text":""},{"style":"v","verse":"2","text":"xanaa nga waat ci Aji Sax jiy dund,"},{"style":"q1","verse":"","text":"def ko ci dëgg ak yoon ak njub,"},{"style":"q1","verse":"","text":"kon xeet yi dinañu barkeeloo Aji Sax ji,"},{"style":"q1","verse":"","text":"di ko sagoo.»"},{"style":"p","verse":"","text":""},{"style":"v","verse":"3","text":"Aji Sax ji déy dafa wax waa Yudaak Yerusalem, ne leen:"},{"style":"q1","verse":"","text":"«Ruujleen seen tool,"},{"style":"q1","verse":"","text":"buleen ji ciy dég."},{"style":"q1","verse":"","text":""},{"style":"v","verse":"4","text":"Yeen waa Yudaak Yerusalem, deeleen xaraf ngir Aji Sax ji,"},{"style":"q1","verse":"","text":"dogleen seen mbuñukay xol,"},{"style":"q1","verse":"","text":"balaa sama xadar ne jippét ni sawara,"},{"style":"q1","verse":"","text":"di tàkk te deesu ko fey"},{"style":"q1","verse":"","text":"ndax seen jëf ju bon."},{"style":"s1","verse":"","text":"Xare jib na"},{"style":"q1","verse":"","text":""},{"style":"v","verse":"5","text":"«Nangeen yégle lii fa Yuda,"},{"style":"q1","verse":"","text":"dégtale ko fa Yerusalem,"},{"style":"q1","verse":"","text":"yéenee koob bufta bi biir réew mi"},{"style":"q1","verse":"","text":"te xaacu seen kem kàttan ne leen:"},{"style":"q1","verse":"","text":"“Dajeleen, nu dem ca dëkk ya tata wër.”"},{"style":"q1","verse":"","text":""},{"style":"v","verse":"6","text":"Yékkatileen raaya, jubale \\w Siyoŋ|Siyoŋ:\\w*,"},{"style":"q1","verse":"","text":"làqujileen, buleen taxaw,"},{"style":"q1","verse":"","text":"musiba déy laay jële bëj-gànnaar,"},{"style":"q1","verse":"","text":"muy safaan bu réy."},{"style":"b","verse":"","text":""},{"style":"q1","verse":"","text":""},{"style":"v","verse":"7","text":"«Gayndee fëlle geeram,"},{"style":"q1","verse":"","text":"yàqkatu xeet yee jóg, génne këram,"},{"style":"q1","verse":"","text":"nara gental seeni dëkk,"},{"style":"q1","verse":"","text":"ba ñu di gent yu kenn dëkkul."},{"style":"q1","verse":"","text":""},{"style":"v","verse":"8","text":"Kon nag solleeni saaku, ñaawloo te yuuxu ne:"},{"style":"q1","verse":"","text":"“Merum Aji Sax ji tàng na kat te moyu nu.”"},{"style":"q1","verse":"","text":""},{"style":"v","verse":"9","text":"Bésub keroog,» kàddug Aji Sax jee,"},{"style":"q1","verse":"","text":"«xolu buur jeex, kàngam ne yàcc,"},{"style":"q1","verse":"","text":"\\w sarxalkat|sarxalkat b-:\\w* waaru, yonent jommi.»"},{"style":"sp","verse":"","text":"Yeremeey wax"},{"style":"q1","verse":"","text":""},{"style":"v","verse":"10","text":"Ma ne: Éy Boroom bi Aji Sax ji,"},{"style":"q1","verse":"","text":"yaa naxlu askan wii nax yu metti,"},{"style":"q1","verse":"","text":"ba nga nee: «Yerusalem jàmm lay am,»"},{"style":"q1","verse":"","text":"te saamar tege ci putam."},{"style":"s1","verse":"","text":"Mbugal taxaw na"},{"style":"q1","verse":"","text":""},{"style":"v","verse":"11","text":"Janti keroog dees na wax askanu Yerusalem wii, ne leen:"},{"style":"q1","verse":"","text":"«Jaas bu tàng a uppe kaw tund ya ne faraas ca màndiŋ ma,"},{"style":"q1","verse":"","text":"wuti sama ñoñ."},{"style":"q1","verse":"","text":"Du doon ngelaw lees di bàcceeka beese."},{"style":"q1","verse":"","text":""},{"style":"v","verse":"12","text":"Ngelaw lu ko ëpp doole laay indi."},{"style":"q1","verse":"","text":"Léegi maa leen di biral sama kàddug mbugal.»"},{"style":"sp","verse":"","text":"Waa Yerusalem ay wax"},{"style":"q1","verse":"","text":""},{"style":"v","verse":"13","text":"Noon baa ngii, di jóg niy niir,"},{"style":"q1","verse":"","text":"watiiri xareem ni ngëlén,"},{"style":"q1","verse":"","text":"fasam ya gëna gaawi jaxaay."},{"style":"q1","verse":"","text":"Wóoy ngalla nun, yàqu nan!"},{"style":"sp","verse":"","text":"Yàllaay wax"},{"style":"q1","verse":"","text":""},{"style":"v","verse":"14","text":"«Éey Yerusalem, fóotal sa xol, jële ci lu bon,"},{"style":"q1","verse":"","text":"ndax nga mucc."},{"style":"q1","verse":"","text":"Foo àppal sa mébéti xol yu bon?"},{"style":"q1","verse":"","text":""},{"style":"v","verse":"15","text":"Kàddug yéenee ngi jibe Dan,"},{"style":"q1","verse":"","text":"musiba dégtu na, bawoo tundu Efrayim."},{"style":"q1","verse":"","text":""},{"style":"v","verse":"16","text":"Jottalileen ko xeet yi,"},{"style":"q1","verse":"","text":"neleen Yerusalem:"},{"style":"q1","verse":"","text":"“Songkat yaa ngii riire réew mu sore ma,"},{"style":"q1","verse":"","text":"xaacoondoo fi kaw dëkki Yuda.”"},{"style":"q1","verse":"","text":""},{"style":"v","verse":"17","text":"Ñooy gaw Yerusalem ni wattukati tool,"},{"style":"q1","verse":"","text":"ndax man la gàntal.»"},{"style":"q2","verse":"","text":"Kàddug Aji Sax jee."},{"style":"q1","verse":"","text":""},{"style":"v","verse":"18","text":"«Sa jëfin ak say jëf a la yóbbe lii,"},{"style":"q1","verse":"","text":"sa musibaa ngoog, wex la xàtt,"},{"style":"q1","verse":"","text":"di dagg sa xol.»"},{"style":"sp","verse":"","text":"Yeremi jàq na"},{"style":"q1","verse":"","text":""},{"style":"v","verse":"19","text":"Maaka jàq a jàq bay jal-jali,"},{"style":"q1","verse":"","text":"sama xol biy fuddu!"},{"style":"q1","verse":"","text":"Éy wii mititu xol!"},{"style":"q1","verse":"","text":"Duma mana noppi,"},{"style":"q1","verse":"","text":"maa dégg wooteb bufta"},{"style":"q2","verse":"","text":"ak yuuxi xare."},{"style":"b","verse":"","text":""},{"style":"q1","verse":"","text":""},{"style":"v","verse":"20","text":"Yéenees na rajaxoo ci kaw rajaxoo,"},{"style":"q1","verse":"","text":"réew mi mépp ne tasar kay!"},{"style":"q1","verse":"","text":"Jekki-jekki samay xayma tasaaroo."},{"style":"q1","verse":"","text":"Xef-xippi ndimoy xayma ya xotatoo!"},{"style":"q1","verse":"","text":""},{"style":"v","verse":"21","text":"Xanaa duma gis ba fàww raayab noon,"},{"style":"q1","verse":"","text":"buftab xare di ko feelu?"},{"style":"sp","verse":"","text":"Aji Sax jee jéppi na ñoñam"},{"style":"q1","verse":"","text":""},{"style":"v","verse":"22","text":"«Dofe la sama ñoñ def."},{"style":"q1","verse":"","text":"Man, xamuñu maay kan,"},{"style":"q1","verse":"","text":"mbetey gone yu dul xalaat dara;"},{"style":"q1","verse":"","text":"dég-dég, tus;"},{"style":"q1","verse":"","text":"seen xel mépp, lu bon rekk,"},{"style":"q1","verse":"","text":"lu baax, xamuñu ci tus.»"},{"style":"sp","verse":"","text":"Yeremeey wax"},{"style":"q1","verse":"","text":""},{"style":"v","verse":"23","text":"Maa xool suuf,"},{"style":"q1","verse":"","text":"ndeke ma nga ne maraas, ne wëyëŋ;"},{"style":"q1","verse":"","text":"ma xool asamaan,"},{"style":"q1","verse":"","text":"leer amatu ca."},{"style":"q1","verse":"","text":""},{"style":"v","verse":"24","text":"Ma xool tund yu mag yi,"},{"style":"q1","verse":"","text":"ndeke ñu ngi yëngu,"},{"style":"q1","verse":"","text":"tund yu ndaw yépp di jaayu."},{"style":"q1","verse":"","text":""},{"style":"v","verse":"25","text":"Ma xoolaat, gisuma nit,"},{"style":"q1","verse":"","text":"njanaaw yépp daw."},{"style":"q1","verse":"","text":""},{"style":"v","verse":"26","text":"Ma xool, gis suuf su nangu sa"},{"style":"q1","verse":"","text":"di ndànd-foyfoy,"},{"style":"q1","verse":"","text":"dëkk yépp raaf"},{"style":"q1","verse":"","text":"ndax Aji Sax jeek tàngaayu sànjam."},{"style":"b","verse":"","text":""},{"style":"q1","verse":"","text":""},{"style":"v","verse":"27","text":"Aji Sax ji déy dafa wax ne:"},{"style":"q1","verse":"","text":"«Duma tas lépp tasar,"},{"style":"q1","verse":"","text":"waaye réew mi mépp ay gental."},{"style":"q1","verse":"","text":""},{"style":"v","verse":"28","text":"Loolooy tax suuf di ñaawlu,"},{"style":"q1","verse":"","text":"asamaan di lëndëm."},{"style":"q1","verse":"","text":"Maa ko wax, maa ko dogu;"},{"style":"q1","verse":"","text":"duma dëpp, duma deltu gannaaw.»"},{"style":"s1","verse":"","text":"Yerusalem dugg na fitna"},{"style":"q1","verse":"","text":""},{"style":"v","verse":"29","text":"Gawar ak fittkat riir,"},{"style":"q1","verse":"","text":"waa dëkk yépp fëx,"},{"style":"q1","verse":"","text":"ñii tàbbiy gajj,"},{"style":"q1","verse":"","text":"ñee ñalgu ci kawi doj,"},{"style":"q1","verse":"","text":"ñu won dëkkoo dëkk gannaaw,"},{"style":"q1","verse":"","text":"kenn desatu ca."},{"style":"q1","verse":"","text":""},{"style":"v","verse":"30","text":"Yaw Yerusalem mu tas mi,"},{"style":"q1","verse":"","text":"ana looy def nii,"},{"style":"q1","verse":"","text":"di solu ba yànj,"},{"style":"q1","verse":"","text":"gànjaroo wurus,"},{"style":"q1","verse":"","text":"tusngalu, yàkkleey gët?"},{"style":"q1","verse":"","text":"Yaa ngi sañse ci neen:"},{"style":"q1","verse":"","text":"say xéddkat wacc nañu la,"},{"style":"q1","verse":"","text":"sa bakkan lañuy wut."},{"style":"q1","verse":"","text":""},{"style":"v","verse":"31","text":"Baatu ndaw su jagadi laa dégg,"},{"style":"q1","verse":"","text":"ma nga jàq, di matub taawam."},{"style":"q1","verse":"","text":"Baatub \\w Siyoŋ|Siyoŋ:\\w*, dëkk bu taaru baa!"},{"style":"q1","verse":"","text":"Ma ngay àppaat, tàllal loxo ya,"},{"style":"q1","verse":"","text":"naan: «Wóoy, ngalla man;"},{"style":"q1","verse":"","text":"ne yàcc ci loxol bóomkat yi!»"}]