[{"style":"ms1","verse":"","text":"Kàddug waxyu dalati na xeet yi"},{"style":"mr","verse":"","text":"(Saar 46---51)"},{"style":"p","verse":"","text":""},{"style":"v","verse":"1","text":"Kàddug Aji Sax jii dikkal na Yonent Yàlla Yeremi, jëm ci xeet yi."},{"style":"s1","verse":"","text":"Lu jëm ci Misra"},{"style":"p","verse":"","text":""},{"style":"v","verse":"2","text":"Lu jëm ci Misra:"},{"style":"p","verse":"","text":"Firawna buuru Misra bi ñuy wax Nekko, ba ko Nebukatnecar buuru Babilon di duma, ma nga woon ca Karkemis ca tàkkal dexu Efraat. Mu yemook ñeenteelu atu nguurug doomu Yosya Yoyakim buurub Yuda. Kàdduy \\w waxyu|waxyu:\\w* yii moo jëm ci Misra ci wàllu diggante ba seen mbooloom xare ma tollu woon:"},{"style":"q1","verse":"","text":""},{"style":"v","verse":"3","text":"«Ŋàbbleen pakkoo pakk te xareji."},{"style":"q1","verse":"","text":""},{"style":"v","verse":"4","text":"Takkleen fas yi, war naaru-góor yi,"},{"style":"q1","verse":"","text":"ba làng-déraale seen mbaxanay xare,"},{"style":"q1","verse":"","text":"nàmmaat xeej,"},{"style":"q1","verse":"","text":"sol yérey xare!"},{"style":"b","verse":"","text":""},{"style":"q1","verse":"","text":""},{"style":"v","verse":"5","text":"«Ana lu ma gis?"},{"style":"q1","verse":"","text":"Waa Misraa jaaxle bay dellu gannaaw,"},{"style":"q1","verse":"","text":"seeni jàmbaar falaxoo,"},{"style":"q1","verse":"","text":"ne wëqét, geesuwuñu,"},{"style":"q1","verse":"","text":"tiitaange ubale.»"},{"style":"q1","verse":"","text":"Kàddug Aji Sax jee!"},{"style":"q1","verse":"","text":""},{"style":"v","verse":"6","text":"«Bu nit gaaw ba raw"},{"style":"q1","verse":"","text":"mbaa mu jàmbaare ba mucc."},{"style":"q1","verse":"","text":"Bëj-gànnaar lañu féete, feggook dexu Efraat,"},{"style":"q1","verse":"","text":"di tërëf, di daanu."},{"style":"b","verse":"","text":""},{"style":"q1","verse":"","text":""},{"style":"v","verse":"7","text":"«Kii ku mu, muy fuddu ni dexu Niil,"},{"style":"q1","verse":"","text":"di fuur ni wali ndox?"},{"style":"q1","verse":"","text":""},{"style":"v","verse":"8","text":"Misraa, mooy fuddu ni dexu Niil,"},{"style":"q1","verse":"","text":"di fuur ni wali ndox."},{"style":"q1","verse":"","text":"Mu naan: “Maay fuddu, mëdd àddina,"},{"style":"q1","verse":"","text":"sànk ab dëkk ak ña ca biir.”"},{"style":"q1","verse":"","text":""},{"style":"v","verse":"9","text":"Na fas buur, watiir fiddi,"},{"style":"q1","verse":"","text":"jàmbaar sàqi:"},{"style":"q1","verse":"","text":"waa \\w Kuusoo|Kuus:\\w* waa Puut ak seeni pakk,"},{"style":"q1","verse":"","text":"ak waa Ludd ak seeni xalaaki fii."},{"style":"q1","verse":"","text":""},{"style":"v","verse":"10","text":"Waaye bésub keroog déy,"},{"style":"q1","verse":"","text":"Boroom bi, Aji Sax ji Boroom gàngoor yee ko moom,"},{"style":"q1","verse":"","text":"muy bésub feyu bu muy feyey noonam."},{"style":"q1","verse":"","text":"Saamar suur suux,"},{"style":"q1","verse":"","text":"màndee deret."},{"style":"q1","verse":"","text":"Boroom bi, Aji Sax ji Boroom gàngoor yi"},{"style":"q1","verse":"","text":"mooy rendee réewum bëj-gànnaar ab sarax,"},{"style":"q1","verse":"","text":"feggook dexu Efraat."},{"style":"q1","verse":"","text":""},{"style":"v","verse":"11","text":"Yaw Misra mu taaru mi,"},{"style":"q1","verse":"","text":"demal ba Galàdd wuti diw, dàmpoo."},{"style":"q1","verse":"","text":"Faju, fajooti;"},{"style":"q1","verse":"","text":"dara du la wéral!"},{"style":"q1","verse":"","text":""},{"style":"v","verse":"12","text":"Xeet yeey dégg sa toroxte,"},{"style":"q1","verse":"","text":"sa yuux dajal àddina."},{"style":"q1","verse":"","text":"Jàmbaar téqtaloo jàmbaar,"},{"style":"q1","verse":"","text":"ñu ànd ne fëlëñ!»"},{"style":"p","verse":"","text":""},{"style":"v","verse":"13","text":"Kàddu gii dikkaloon na Yonent Yàlla Yeremi, ba Nebukatnecar buuru Babilon dikkee, di duma waa réewum Misra. Mu ne:"},{"style":"q1","verse":"","text":""},{"style":"v","verse":"14","text":"«Yégleel lii Misra, yéene ko fa ca Migdol,"},{"style":"q1","verse":"","text":"yéene ko fa ca Memfis ak Tapanes."},{"style":"q1","verse":"","text":"Neleen: “Dërleen, taxaw temm!"},{"style":"q1","verse":"","text":"Saamar kat a ngi lekk li leen wër.”"},{"style":"q1","verse":"","text":""},{"style":"v","verse":"15","text":"Lu Apis, seen jëmmi tuur ma, di daw?"},{"style":"q1","verse":"","text":"Lu tee seen yàllay yëkk jooju taxaw?"},{"style":"q1","verse":"","text":"Xanaa Aji Sax jee ko bëmëx!"},{"style":"q1","verse":"","text":""},{"style":"v","verse":"16","text":"Moo bëmëx ñu bare,"},{"style":"q1","verse":"","text":"ku nekk naan moroom ma:"},{"style":"q1","verse":"","text":"“Jógal nu dellu ca sunuy bokk,"},{"style":"q1","verse":"","text":"ca sunu réewum cosaan,"},{"style":"q1","verse":"","text":"ba mucc saamaru noon.”"},{"style":"q1","verse":"","text":""},{"style":"v","verse":"17","text":"Dees na fa woyal Firawna buuru Misra, naan ko:"},{"style":"q1","verse":"","text":"“Coowal neen te bés wees.”"},{"style":"b","verse":"","text":""},{"style":"q1","verse":"","text":""},{"style":"v","verse":"18","text":"«Giñ naa ko ci man miy dund,»"},{"style":"q1","verse":"","text":"kàddug Buur Aji Sax jee, Boroom gàngoor yi di turam:"},{"style":"q1","verse":"","text":"«noon ay dikk, mel ni tundu Tabor ci digg tund yi,"},{"style":"q1","verse":"","text":"mbete tundu Karmel wi feggook géej."},{"style":"q1","verse":"","text":""},{"style":"v","verse":"19","text":"Yaw mi dëkke Misra mu taaru mi,"},{"style":"q1","verse":"","text":"ëmbal sa ëmb, jëm ngàllo;"},{"style":"q1","verse":"","text":"Memfis\\f + \\fr 46.19 \\fk Memfis: \\ft fii ñu ne Memfis, am na sotti yu fi indi turu Nof.\\f* dëkk bii kat ci gental la jëm,"},{"style":"q1","verse":"","text":"di ndànd-foyfoy gu kenn dëkkul."},{"style":"q1","verse":"","text":""},{"style":"v","verse":"20","text":"Misra daa mel ni jeegu nag bu yànj,"},{"style":"q1","verse":"","text":"weñ ne waa waa, bawoo bëj-gànnaar."},{"style":"q1","verse":"","text":""},{"style":"v","verse":"21","text":"Seen xarekat yi ñu bind sax"},{"style":"q1","verse":"","text":"ñu ngi mel ni sëllu yu yaflu,"},{"style":"q1","verse":"","text":"ñoom it ànd ne wërëñ, wëqét,"},{"style":"q1","verse":"","text":"kenn taxawul!"},{"style":"q1","verse":"","text":"Bésu safaan a leen dikkal,"},{"style":"q1","verse":"","text":"seen mbugal taxaw,"},{"style":"q1","verse":"","text":""},{"style":"v","verse":"22","text":"ñu daw di faraas-faraasiy wéy ni jaan."},{"style":"q1","verse":"","text":"Doole la noon songe Misra,"},{"style":"q1","verse":"","text":"dikke leeni sémmiñ ni gorkati garab."},{"style":"q1","verse":"","text":""},{"style":"v","verse":"23","text":"Lu gott fatt fatt, ñu gor.»"},{"style":"q2","verse":"","text":"Kàddug Aji Sax jee."},{"style":"q1","verse":"","text":"«Ñoo gëna barey njéeréer,"},{"style":"q1","verse":"","text":"ba maneesu leena lim."},{"style":"q1","verse":"","text":""},{"style":"v","verse":"24","text":"Gàcceel nañu Misra mu taaru mi,"},{"style":"q1","verse":"","text":"teg ko ci loxoy xeeti bëj-gànnaar.»"},{"style":"p","verse":"","text":""},{"style":"v","verse":"25","text":"Aji Sax ji Yàllay Israayil, Boroom gàngoori xare yi wax na ne: «Maa ngii di dikke mbugal Amon, tuuru dëkk bii di No, ak Firawnaak waa Misraak seeni tuur ak seeni kàngam, boole ci ñi yaakaar Firawna."},{"style":"v","verse":"26","text":"Maa leen di teg ci loxoy ñiy wut seen bakkan, di Nebukatnecar buuru Babilon aki jawriñam. Gannaaw loolu dees na dëkkewaat Misra na woon.» Kàddug Aji Sax jee!"},{"style":"s1","verse":"","text":"Israayil dina xettaliku"},{"style":"q1","verse":"","text":""},{"style":"v","verse":"27","text":"«Yaw \\w Yanqóoba|Yanqóoba:\\w* sama jaam bi nag, bul tiit;"},{"style":"q1","verse":"","text":"yaw Israayil, ma ne bul ragal."},{"style":"q1","verse":"","text":"Maa ngii di la wallusi,"},{"style":"q1","verse":"","text":"jële la fu sore,"},{"style":"q1","verse":"","text":"jële sa askan"},{"style":"q1","verse":"","text":"fa seen réewu njaam ga,"},{"style":"q1","verse":"","text":"Yanqóoba délsi,"},{"style":"q1","verse":"","text":"dal, aaru, du tiitati."},{"style":"q1","verse":"","text":""},{"style":"v","verse":"28","text":"Yaw Yanqóoba sama jaam bi, bul tiit.»"},{"style":"q2","verse":"","text":"Kàddug Aji Sax jee."},{"style":"q1","verse":"","text":"«Yaw laa àndal."},{"style":"q1","verse":"","text":"Maay faxas mboolem xeet yi ma leen sànni woon,"},{"style":"q1","verse":"","text":"waaye yeen, duma leen faxas."},{"style":"q1","verse":"","text":"Duma leen ñàkka duma moos,"},{"style":"q1","verse":"","text":"waaye dinaa leen yar lu yem.»"}]