[{"style":"s1","verse":"","text":"Gawub Yerusalem nuyoo na"},{"style":"q1","verse":"","text":""},{"style":"v","verse":"1","text":"«Yeen askanu Beñamin, fëxleen,"},{"style":"q1","verse":"","text":"génn Yerusalem."},{"style":"q1","verse":"","text":"Walleen bufta bi fa Tekowa,"},{"style":"q1","verse":"","text":"jafaleleen jum yi Bet Kerem, artoo ko,"},{"style":"q1","verse":"","text":"musiba kat a ngi yëre bëj-gànnaar,"},{"style":"q1","verse":"","text":"di safaan bu réy."},{"style":"q1","verse":"","text":""},{"style":"v","verse":"2","text":"Yaw \\w Siyoŋ|Siyoŋ:\\w*, dëkk bu taaru bi te xejj,"},{"style":"q1","verse":"","text":"dama lay dammat."},{"style":"q1","verse":"","text":""},{"style":"v","verse":"3","text":"Ay sàmm ak seeni gétt ci sa kaw,"},{"style":"q1","verse":"","text":"ñu samp seeni xayma, wër la,"},{"style":"q1","verse":"","text":"di foral, ku nekk ak pàccam.»"},{"style":"b","verse":"","text":""},{"style":"q1","verse":"","text":""},{"style":"v","verse":"4","text":"Ñii ne: «Waajalleen xare baak ñoom,"},{"style":"q1","verse":"","text":"nu songi leen digg bëccëg."},{"style":"q1","verse":"","text":"Waaye wóoy nun, jant a ngi lang,"},{"style":"q1","verse":"","text":"keru ngoon di law!»"},{"style":"q1","verse":"","text":""},{"style":"v","verse":"5","text":"Ñee ne: «Nan song congum guddi boog,"},{"style":"q1","verse":"","text":"ba rajaxe seen kër yu yànj yi.»"},{"style":"b","verse":"","text":""},{"style":"q1","verse":"","text":""},{"style":"v","verse":"6","text":"Aji Sax ji Boroom gàngoor yi déy da ne:"},{"style":"q1","verse":"","text":"«Gorleeni bant,"},{"style":"q1","verse":"","text":"sëkke Yerusalem, gaw ko!"},{"style":"q1","verse":"","text":"Dëkk bii dees koy mbugal,"},{"style":"q1","verse":"","text":"àqu nooteel la fees dell."},{"style":"q1","verse":"","text":""},{"style":"v","verse":"7","text":"Ni bëtu ndox di dawe,"},{"style":"q1","verse":"","text":"ni lañuy dawale seenug coxor."},{"style":"q1","verse":"","text":"Fitnaak salfaañooy riir ci dëkk bi,"},{"style":"q1","verse":"","text":"gisuma lu moy jagadeek loraange!"},{"style":"q1","verse":"","text":""},{"style":"v","verse":"8","text":"Yeen waa Yerusalem, deeleen dégg"},{"style":"q1","verse":"","text":"bala ma leena dëddu,"},{"style":"q1","verse":"","text":"ba gental réew mi"},{"style":"q1","verse":"","text":"gent bu kenn dëkkul.»"},{"style":"s1","verse":"","text":"Askan wa të na"},{"style":"q1","verse":"","text":""},{"style":"v","verse":"9","text":"Aji Sax ji Boroom gàngoor yi dafa wax ne:"},{"style":"q1","verse":"","text":"«Nañu witt a witt ndesu Israayil,"},{"style":"q1","verse":"","text":"ni ñuy witte reseñ,"},{"style":"q1","verse":"","text":"ba nga dawalaat say loxo ca car ya.»"},{"style":"sp","verse":"","text":"Yeremeey wax"},{"style":"q1","verse":"","text":""},{"style":"v","verse":"10","text":"Moo kan laay waxal,"},{"style":"q1","verse":"","text":"artu ko ba mu déglu?"},{"style":"q1","verse":"","text":"Seeni nopp a fatt ba manatuñoo sax teewlu."},{"style":"q1","verse":"","text":"Kàddug Aji Sax jaa ngii,"},{"style":"q1","verse":"","text":"mel ni lu ñu rus,"},{"style":"q1","verse":"","text":"lu ñu safoowul!"},{"style":"q1","verse":"","text":""},{"style":"v","verse":"11","text":"Maa ngi fees dell ak merum Aji Sax ji,"},{"style":"q1","verse":"","text":"ba manatuma koo dékku."},{"style":"sp","verse":"","text":"Yàllaay wax"},{"style":"q1","verse":"","text":"«Sippi ko tuut-tànk yi ci mbedd mi,"},{"style":"q1","verse":"","text":"sippiwaale ko waxambaane yi daje,"},{"style":"q1","verse":"","text":"mu laawaale jëkkër ak jabar,"},{"style":"q1","verse":"","text":"mag ak màggat,"},{"style":"q1","verse":"","text":""},{"style":"v","verse":"12","text":"seeni kër doon alali jàmbur,"},{"style":"q1","verse":"","text":"ak seeni tool it ak seeni jabar."},{"style":"q1","verse":"","text":"Maay xàcc sama loxo déy,"},{"style":"q1","verse":"","text":"dal ci kaw waa réew mi.»"},{"style":"q2","verse":"","text":"Kàddug Aji Sax jee."},{"style":"q1","verse":"","text":""},{"style":"v","verse":"13","text":"«Ndax ki gëna tuut ba ki gëna mag,"},{"style":"q1","verse":"","text":"ñépp a ngi lewal lu lewul."},{"style":"q1","verse":"","text":"Yonent akub \\w sarxalkat|sarxalkat b-:\\w*,"},{"style":"q1","verse":"","text":"ñépp a ngi wor."},{"style":"q1","verse":"","text":""},{"style":"v","verse":"14","text":"Sofental nañu sama pajum ñoñ ñi dammatoo,"},{"style":"q1","verse":"","text":"naan: “Jàmm, lépp jàmm!”"},{"style":"q1","verse":"","text":"te jàmm amul."},{"style":"q1","verse":"","text":""},{"style":"v","verse":"15","text":"Ñu wara am gàcce ci seen jëf ju siblu,"},{"style":"q1","verse":"","text":"te gàcce gàcceelu leen."},{"style":"q1","verse":"","text":"Xamuñu sax luy kersa!"},{"style":"q1","verse":"","text":"Moo tax ñuy fëlëñoondook ñiy fëlëñu."},{"style":"q1","verse":"","text":"Kera ba ma leen di dikkal, ñooy tërëf.»"},{"style":"q1","verse":"","text":"Aji Sax jee ko wax."},{"style":"s1","verse":"","text":"Pexey askan wi jur na musiba"},{"style":"q1","verse":"","text":""},{"style":"v","verse":"16","text":"Aji Sax ji dafa wax ñoñam ne:"},{"style":"q1","verse":"","text":"«Taxawleen ca selebe yoon wa, xool,"},{"style":"q1","verse":"","text":"te laajte yoon ya woon,"},{"style":"q1","verse":"","text":"ne: “Ana yoonu mbaax?”"},{"style":"q1","verse":"","text":"Ngeen awe ca, am noflaayu bakkan.»"},{"style":"q1","verse":"","text":"Ñu lànk ne: «Awunu ca.»"},{"style":"q1","verse":"","text":""},{"style":"v","verse":"17","text":"«Ma tabbal leeni wattukat"},{"style":"q1","verse":"","text":"ne: “Teewluleen bufta bu jib.”»"},{"style":"q1","verse":"","text":"Ñu lànk ne: «Teewluwunu.»"},{"style":"q1","verse":"","text":""},{"style":"v","verse":"18","text":"«Moo tax yeen xeet yi, dégluleen;"},{"style":"q1","verse":"","text":"yeen waaso yi, seedeleen liy xaar ñii."},{"style":"q1","verse":"","text":""},{"style":"v","verse":"19","text":"Yeen waa àddina, dégluleen!"},{"style":"q1","verse":"","text":"Maa ngii di indil askan wii musiba"},{"style":"q1","verse":"","text":"mi leen seeni pexe jural."},{"style":"q1","verse":"","text":"Ñoo faalewul samay kàddu,"},{"style":"q1","verse":"","text":"gàntal sama yoon."},{"style":"q1","verse":"","text":""},{"style":"v","verse":"20","text":"Lu may doye lii?"},{"style":"q1","verse":"","text":"Ndàbb lu jóge Seba\\f + \\fr 6.20 \\fk Seba, \\ft am réew la wu bokk ci sowu Arabi, fa féete suuf.\\f*,"},{"style":"q1","verse":"","text":"diw gu xeeñ, bawoo réew mu sore?"},{"style":"q1","verse":"","text":"Seeni \\w saraxi rendi-dóomal|Sarax yi:\\w* safu ma;"},{"style":"q1","verse":"","text":"seen saraxi jur, bëgguma.»"},{"style":"q1","verse":"","text":""},{"style":"v","verse":"21","text":"Moo tax Aji Sax ji wax ne:"},{"style":"q1","verse":"","text":"«Maa ngii di tegal askan wii"},{"style":"q1","verse":"","text":"ay pakk, ñu fakkastaloondoo,"},{"style":"q1","verse":"","text":"baay ak doom,"},{"style":"q1","verse":"","text":"dëkkandookub xarit,"},{"style":"q1","verse":"","text":"ñépp sànku.»"},{"style":"s1","verse":"","text":"Noon sàqee na bëj-gànnaar"},{"style":"q1","verse":"","text":""},{"style":"v","verse":"22","text":"Aji Sax ji dafa wax ne:"},{"style":"q1","verse":"","text":"«Aw askan a ngii bàyyikoo réewum bëj-gànnaar,"},{"style":"q1","verse":"","text":"xeet wu mag lañuy doon, sàqee fa cati àddina."},{"style":"q1","verse":"","text":""},{"style":"v","verse":"23","text":"Fitt aku xeej lañuy ŋëb,"},{"style":"q1","verse":"","text":"néeg lool, duñu yërëm;"},{"style":"q1","verse":"","text":"seen coow ni riirum géej,"},{"style":"q1","verse":"","text":"ñu war seeni fas, rëpptal,"},{"style":"q1","verse":"","text":"làng-déral leen,"},{"style":"q1","verse":"","text":"yeen waa \\w Siyoŋ|Siyoŋ:\\w*, dëkk bu taaru bi.»"},{"style":"sp","verse":"","text":"Waa Yerusalem ay wax"},{"style":"q1","verse":"","text":""},{"style":"v","verse":"24","text":"Danoo dégg riir mi,"},{"style":"q1","verse":"","text":"sunuy yoxo yoqi,"},{"style":"q1","verse":"","text":"njàqare ne nu taral,"},{"style":"q1","verse":"","text":"ni mititu mat."},{"style":"q1","verse":"","text":""},{"style":"v","verse":"25","text":"Kii naa: «Bul génn ci àll bi!»"},{"style":"q1","verse":"","text":"Kee naa: «Bul jaar ci yoon wi!»"},{"style":"q1","verse":"","text":"Saamar kay a nga ca loxol noon ba,"},{"style":"q1","verse":"","text":"tiitaange dajal fépp!"},{"style":"sp","verse":"","text":"Yeremeey wax"},{"style":"q1","verse":"","text":""},{"style":"v","verse":"26","text":"Éey bokk yi, solleeni saaku,"},{"style":"q1","verse":"","text":"diwoo dóomu-taal, ñaawloo ko."},{"style":"q1","verse":"","text":"Ñaawluleen ni kuy dëj benn bàjjo"},{"style":"q1","verse":"","text":"te jooy jooy yu metti,"},{"style":"q1","verse":"","text":"nde yàqkat bi day jekki,"},{"style":"q1","verse":"","text":"ne sunu kaw dàll!"},{"style":"sp","verse":"","text":"Yàllaay wax Yeremi"},{"style":"q1","verse":"","text":""},{"style":"v","verse":"27","text":"«Maa la def sama nattukatu ñoñ,"},{"style":"q1","verse":"","text":"nga di leen nattu ni ñuy nattoo xaalis,"},{"style":"q1","verse":"","text":"te war leena seetlu, nemmiku seen jikko."},{"style":"q1","verse":"","text":""},{"style":"v","verse":"28","text":"Ñoom ñépp a di fippukat yu fétteeral,"},{"style":"q1","verse":"","text":"wër di sos,"},{"style":"q1","verse":"","text":"dëgërle ni xànjar ak weñ gu ñuul."},{"style":"q1","verse":"","text":"Ñoom ñépp di yàqkat."},{"style":"q1","verse":"","text":""},{"style":"v","verse":"29","text":"Tëgg wal taalam, mu yànj;"},{"style":"q1","verse":"","text":"sawara seeyal betteex."},{"style":"q1","verse":"","text":"Xellees na koo xelli ci neen,"},{"style":"q1","verse":"","text":"taxul li ci bon génn."},{"style":"q1","verse":"","text":""},{"style":"v","verse":"30","text":"Dees na leen woowe mbuubitum xaalis,"},{"style":"q1","verse":"","text":"nde Aji Sax ji buub na leen, sànni.»"}]