[{"style":"q1","verse":"","text":""},{"style":"v","verse":"1","text":"Éy ku ma mayoon ci màndiŋ mi"},{"style":"q1","verse":"","text":"dalu panaanum njëggaan,"},{"style":"q1","verse":"","text":"ba ma teqalikook bokk yi, wacc leen,"},{"style":"q1","verse":"","text":"dem, bàyyi leen?"},{"style":"q1","verse":"","text":"Ñoom ñépp ay bokkaale,"},{"style":"q1","verse":"","text":"di gàngooru workat."},{"style":"s1","verse":"","text":"Dëgg jeex na"},{"style":"sp","verse":"","text":"Yàllaay wax"},{"style":"q1","verse":"","text":""},{"style":"v","verse":"2","text":"«Ñu ngi tàwwi ni fittkat seen làmmiñu workat,"},{"style":"q1","verse":"","text":"seen doole ci réew mi doxaluñu ci yoon."},{"style":"q1","verse":"","text":"Ñu ngii di def lu bon ci kaw lu bon,"},{"style":"q1","verse":"","text":"te man faalewuñu ma.»"},{"style":"q2","verse":"","text":"Kàddug Aji Sax jee."},{"style":"b","verse":"","text":""},{"style":"q1","verse":"","text":""},{"style":"v","verse":"3","text":"«Na ku ne moytu dëkkandoom"},{"style":"q1","verse":"","text":"te baña wóolu menn mbokk."},{"style":"q1","verse":"","text":"Kuy mbokk déy, lal nga pexem wuruj, di wuruj;"},{"style":"q1","verse":"","text":"kuy dëkkandoo, sos ngay wéye."},{"style":"q1","verse":"","text":""},{"style":"v","verse":"4","text":"Ku ne sa dëkkandoo ngay nax,"},{"style":"q1","verse":"","text":"te dëgg, doo ko wax."},{"style":"q1","verse":"","text":"Dañoo tàmmi fen,"},{"style":"q1","verse":"","text":"di def njekkar ba sonn."},{"style":"q1","verse":"","text":""},{"style":"v","verse":"5","text":"Yeena ngi dëkke njublaŋ,"},{"style":"q1","verse":"","text":"njublaŋ rekk,"},{"style":"q1","verse":"","text":"faaleetuleen ma.»"},{"style":"q2","verse":"","text":"Kàddug Aji Sax jee."},{"style":"b","verse":"","text":""},{"style":"q1","verse":"","text":""},{"style":"v","verse":"6","text":"Moo tax Aji Sax ji Boroom gàngoor yi"},{"style":"q1","verse":"","text":"wax ne: «Maa ngii di leen segg,"},{"style":"q1","verse":"","text":"nattu leen ni weñ gu sawara seeyal, xelli!"},{"style":"q1","verse":"","text":"Ana nu may def neneen"},{"style":"q1","verse":"","text":"ak sama ñoñ?"},{"style":"q1","verse":"","text":""},{"style":"v","verse":"7","text":"Seen làmmiñ di fitt guy bóome,"},{"style":"q1","verse":"","text":"seeni wax dig njublaŋ."},{"style":"q1","verse":"","text":"Nit di wax moroomam jàmm,"},{"style":"q1","verse":"","text":"te di ko tëru cim xelam."},{"style":"q1","verse":"","text":""},{"style":"v","verse":"8","text":"Lii, ndax duma leen ko dumaa?»"},{"style":"q2","verse":"","text":"Kàddug Aji Sax jee."},{"style":"q1","verse":"","text":"«Xeet wu mel nii ndax duma ko fey yoolam?»"},{"style":"s1","verse":"","text":"Jooy jot na"},{"style":"sp","verse":"","text":"Yeremeey wax"},{"style":"q1","verse":"","text":""},{"style":"v","verse":"9","text":"Tund ya laay jooy, di yuuxu,"},{"style":"q1","verse":"","text":"di jooy parluy màndiŋ ma,"},{"style":"q1","verse":"","text":"fa lépp lakk, ba jaareesu fa,"},{"style":"q1","verse":"","text":"déggeesul baatu jur;"},{"style":"q1","verse":"","text":"njanaaw ak mala,"},{"style":"q1","verse":"","text":"lépp daw, ne mes."},{"style":"sp","verse":"","text":"Yàllaay wax"},{"style":"q1","verse":"","text":""},{"style":"v","verse":"10","text":"«Maay def Yerusalem jali doj,"},{"style":"q1","verse":"","text":"till yi dëkke;"},{"style":"q1","verse":"","text":"ma def dëkki Yuda gent bu kenn dëkkul.»"},{"style":"sp","verse":"","text":"Yeremeey wax"},{"style":"q1","verse":"","text":""},{"style":"v","verse":"11","text":"Ana ku muus, ba xam lu waral lii?"},{"style":"q1","verse":"","text":"Ana ku Aji Sax ji waxal,"},{"style":"q1","verse":"","text":"mu wax nu lu waral réew mi sànku,"},{"style":"q1","verse":"","text":"gental ni màndiŋ mi,"},{"style":"q1","verse":"","text":"kenn jaaru fi?"},{"style":"sp","verse":"","text":"Yàllaay wax"},{"style":"q1","verse":"","text":""},{"style":"v","verse":"12","text":"Aji Sax ji ne:"},{"style":"q1","verse":"","text":"«Ñoo wacc sama yoon"},{"style":"q1","verse":"","text":"wi ma leen tegaloon,"},{"style":"q1","verse":"","text":"sàmmuñu sama kàddu,"},{"style":"q1","verse":"","text":"jëfewuñu ko,"},{"style":"q1","verse":"","text":""},{"style":"v","verse":"13","text":"xanaa wéy ci dëgër bopp,"},{"style":"q1","verse":"","text":"topp tuuri \\w Baal|Baal:\\w* yi leen seeni maam miinaloon.»"},{"style":"b","verse":"","text":""},{"style":"q1","verse":"","text":""},{"style":"v","verse":"14","text":"Moo tax Aji Sax ji Boroom gàngoor yi,"},{"style":"q1","verse":"","text":"Yàllay Israayil wax ne:"},{"style":"q1","verse":"","text":"«Maa ngii di leelsil xeet wii njàqarey xeme,"},{"style":"q1","verse":"","text":"nàndal leen tookey mbugal."},{"style":"q1","verse":"","text":""},{"style":"v","verse":"15","text":"Maa leen di wasaare fi biir xeet yu ñu xamuloon,"},{"style":"q1","verse":"","text":"du ñoom, du seeni maam."},{"style":"q1","verse":"","text":"Maa leen di tofal saamar, ba raafal leen.»"},{"style":"b","verse":"","text":""},{"style":"q1","verse":"","text":""},{"style":"v","verse":"16","text":"Aji Sax ji Boroom gàngoor yi dafa wax ne:"},{"style":"q1","verse":"","text":"«Ne leen: “Gisleen li xew te woowi jigéeni jooykati dëj yi, ñu dikk;"},{"style":"q1","verse":"","text":"yónneeleen ca ña gëna man, ñu dikk.”»"},{"style":"sp","verse":"","text":"Askan waay wax"},{"style":"q1","verse":"","text":""},{"style":"v","verse":"17","text":"Ñiy dëbbe, nañu nu gaawe ci jooy yi,"},{"style":"q1","verse":"","text":"gët taa, rongooñ wal."},{"style":"q1","verse":"","text":""},{"style":"v","verse":"18","text":"Yuux a ngoog, jibe \\w Siyoŋ|Siyoŋ:\\w*."},{"style":"q1","verse":"","text":"Ñu naa: «Nooka rajaxoo,"},{"style":"q1","verse":"","text":"torox ba ne tott,"},{"style":"q1","verse":"","text":"noon màbb sunuy dëkkuwaay,"},{"style":"q1","verse":"","text":"nu génn réew mi.»"},{"style":"sp","verse":"","text":"Yeremeey wax"},{"style":"q1","verse":"","text":""},{"style":"v","verse":"19","text":"Yeen jigéen ñi,"},{"style":"q1","verse":"","text":"ngalla dégluleen kàddug Aji Sax ji,"},{"style":"q1","verse":"","text":"taataan waxam,"},{"style":"q1","verse":"","text":"ba jàngal seeni janq jooyi dëj,"},{"style":"q1","verse":"","text":"jigéen ju ne jàngal moroomam yuuxi dëj."},{"style":"q1","verse":"","text":""},{"style":"v","verse":"20","text":"Dee déy moo ñalgoo sunuy palanteer,"},{"style":"q1","verse":"","text":"dugg sunuy kër yu yànj,"},{"style":"q1","verse":"","text":"rey gone yi ci mbedd mi,"},{"style":"q1","verse":"","text":"ak xale yu góor yi ci pénc yi."},{"style":"sp","verse":"","text":"Yàllaay wax"},{"style":"q1","verse":"","text":""},{"style":"v","verse":"21","text":"«Ne leen: “Kàddug Aji Sax jee."},{"style":"q1","verse":"","text":"Néew yeey wetaroo ci àll bi, mel niy jonkan,"},{"style":"q1","verse":"","text":"ni gub yu góobkat won gannaaw, kenn forul.”»"},{"style":"s1","verse":"","text":"Ku xam Yàlla rekk a xelu"},{"style":"q1","verse":"","text":""},{"style":"v","verse":"22","text":"Aji Sax ji dafa wax ne:"},{"style":"q1","verse":"","text":"«Ku xelu, bumu damoo am xelam;"},{"style":"q1","verse":"","text":"ku jàmbaare, bumu damoo njàmbaaram;"},{"style":"q1","verse":"","text":"ku woomle, bumu damoom koomam."},{"style":"q1","verse":"","text":""},{"style":"v","verse":"23","text":"Kuy damu kay, na damoom xelam"},{"style":"q1","verse":"","text":"mu ko may mu xam ma,"},{"style":"q1","verse":"","text":"xam ne maay Aji Sax"},{"style":"q1","verse":"","text":"jiy doxal ngor ak yoon ak njub fi kaw suuf."},{"style":"q1","verse":"","text":"Loolu déy mooy sama bànneex.»"},{"style":"q2","verse":"","text":"Kàddug Aji Sax jee."},{"style":"s1","verse":"","text":"Xaraf, na Yàlla tax"},{"style":"q1","verse":"","text":""},{"style":"v","verse":"24","text":"«Ay bés a ngii di ñëw,»"},{"style":"q2","verse":"","text":"kàddug Aji Sax jee,"},{"style":"q1","verse":"","text":"«maay dikkal képp ku xarafam yem ci yaram,"},{"style":"q1","verse":"","text":""},{"style":"v","verse":"25","text":"muy waa Misra, di waa Yuda,"},{"style":"q1","verse":"","text":"di Edomeen ñeek Amoneen ñi,"},{"style":"q1","verse":"","text":"di Mowabeen ñeek"},{"style":"q1","verse":"","text":"mboolem ñiy wat seen peggu kawaru bopp\\f + \\fr 9.25 \\fk peggu kawaru bopp: \\ft seetal ci \\bk Sarxalkat\\bk* 19.27.\\f*"},{"style":"q1","verse":"","text":"te dëkke màndiŋ mi,"},{"style":"q1","verse":"","text":"nde xeet yooyu, kenn xarafu ci dëgg, te it"},{"style":"q1","verse":"","text":"\\w bànni Israayil|bànni Israayil:\\w* gépp"},{"style":"q1","verse":"","text":"xarafuñu xarafu xol\\f + \\fr 9.25 \\ft Xeeti àddina yu bare baaxoo nañu di xaraf. Waaye xaraf ci la Yàlla nammoona birale kóllëre gi dox digganteem ak bànni Israayil. Moo tax gépp góor gu bokk ci woowu askan waroona fésal ci yaramam màndargam xaraf miy firndeel googu kóllëre, te ànd ceek xolu jëfe ko.\\f*.»"}]