[{"style":"ip","verse":"","text":"Ci bataaxal bii, Póol bindaat na mbooloom gëmkat yi nekk Korent, ngir tontu ci tuumaal yi ñu ko teg ne du ndawal Almasi bi dëgg. Dañoo sàggi sagam, tuumaal ko ne li muy liggéey lépp dafa koy def ngir jariñoo ko."},{"style":"ip","verse":"","text":"Póol setal na boppam, wax ne jawriñu Yàlla dëgg la, ngir seen njariñ. Te it Póol fàttali na leen ne mu ngi doon liggéey ci defar ay xayma (\\bk Jëf ya\\bk* 18.3), ngir baña wéeru ci ñoom. Firnde ak kéemaan yiy màndargaal ndawal Almasi bi, Póol feeñal na ko ci ñoom. Li ëpp solo mooy bi mu waxee ne ci ndigalu Yàlla la nekke ndawal Almasi bi. Póol mottali na li ñu ko yónni, doonte jànkoonte na ak ay fitna. Yékkati Almasi bi, moo tax mu wàcce boppam ci kanamu nit ñi yég seen bopp, di ko tuumaal."},{"style":"ip","verse":"","text":"Ci bataaxal bi, Póol fàttali leen ndimbal li muy dajaleel gëmkat ya ca Yerusalem (\\bk Room\\bk* 15.26). Dafa yaakaar ne ndimbal loolu dina wone bennoo bi nekk ci gëmkati Yawut yi ak ñeneen ñi dul Yawut."},{"style":"im","verse":"","text":"Ci tënk:"},{"style":"ili","verse":"","text":"1.1---7.16 Póol liggéeyu ndawal Almasi bi la def."},{"style":"ili","verse":"","text":"8.1---9.15 Póol ñaan na ndimbal lu jëm ca gëmkat ya néew-doole ca Yerusalem."},{"style":"ili","verse":"","text":"10.1---13.13 Póol setal na boppam ci liggéeyu ndaw bi muy def."},{"style":"ie","verse":"","text":""}]