[{"style":"p","verse":"","text":""},{"style":"v","verse":"1","text":"Nun ñi bokk ci liggéey bi nag, noo leen di ñaan ngeen baña nangu yiwu Yàlla ci neen."},{"style":"v","verse":"2","text":"Ndaxte Yàlla moo ne:"},{"style":"q1","verse":"","text":"«Bu bésub yiw taxawee, ma nangul la;"},{"style":"q1","verse":"","text":"bu bésub mucc jotee, ma wallu la\\f + \\fr 6.2 \\ft Seetal ci \\bk Esayi\\bk* 49.8.\\f*.»"},{"style":"m","verse":"","text":"Te nag, tey jii la bésub yiw taxaw; tey kat, la bésub mucc."},{"style":"s1","verse":"","text":"Liggéeyal Yàlla ñàkkul aw tiis"},{"style":"p","verse":"","text":""},{"style":"v","verse":"3","text":"Bëggunu kenn sikk sunub liggéey, moo tax bëggunoo jëfe lenn luy doon tojaange ci kenn."},{"style":"v","verse":"4","text":"Ci lépp kay lanu bëgga seedeel sunu bopp, ne noo yelloo ngërëm, te ay jawriñi Yàlla lanu, di ñu muñ lu bare ci biir coono aki mitit aki njàqare;"},{"style":"v","verse":"5","text":"ci ay dóor ak néegi kaso, ci biir mbooloo yu nu jógal, ci doñ-doñ ju metti ak fanaanee xoole akub xiif;"},{"style":"v","verse":"6","text":"te nuy setal sunu dund, di ànd ak xam-xam, ci biir muñ akug mbaax, ci biir \\w Noo gu Sell|Noo gu Sell g-:\\w* gi ak cofeel gu amul jinigal,"},{"style":"v","verse":"7","text":"ci biir kàddug dëgg ak kàttanu Yàlla; ci kaw gànnaayi njubte yi ci sunu loxol ndijoor ak lu càmmoñ;"},{"style":"v","verse":"8","text":"ci biir teraanga ak ci biir toskare; ci biiri baatal ak jëw yu rafet. Dees noo jàppe ay mbubbookati dëgg, te nuy nit ñu dëggu;"},{"style":"v","verse":"9","text":"jàppe nu ñu kenn xamul, te nuy ñu siiw; jàppe nu ñuy waaja dee, te nuy dund; jàppe nu ñu ñu wara mbugal, te bañ leena teg àtteb dee."},{"style":"v","verse":"10","text":"Dees noo jàppe boroomi tiis, te nu dëkke mbég; jàppe nu ay néew-ji-doole, te nu woomal ñu bare; jàppe nu ñu amul dara, te nu moom lépp."},{"style":"p","verse":"","text":""},{"style":"v","verse":"11","text":"Yeen bokki Korent, wax nanu leen sunu biir yépp, ubbil leen sunu xol."},{"style":"v","verse":"12","text":"Genn ñooru jógewul ci nun, waaye yeen yeena nu ñooru ci seen xol."},{"style":"v","verse":"13","text":"Léegi nag yeen, feyleen nu bor bi boog, ma wax ak yeen ni samay doom, ubbilleen nu seen xol!"},{"style":"s1","verse":"","text":"Baleen bokkaale"},{"style":"p","verse":"","text":""},{"style":"v","verse":"14","text":"Buleen lëkkoo ak gëmadikat ñi. Gan lëngoo la njub ak ndëngte séq? Gan booloo la leer ak lëndëm séq?"},{"style":"v","verse":"15","text":"Gan juboo la \\w Almasi|Almasi b-:\\w* bi ak \\w Seytaane|Seytaane:\\w* séq? Wan wàll la gëmkat bi bokk ak gëmadikat bi?"},{"style":"v","verse":"16","text":"Gan takktoo la kër Yàlla séq ak ay tuur? Ndax kat, nun, nooy kër Yàlla jiy dund, te noonu la ko Yàlla waxe ne:"},{"style":"q1","verse":"","text":"«Maay dëkk ci seen biir, di dox ci seen biir,"},{"style":"q1","verse":"","text":"di seen Yàlla, ñuy sama ñoñ\\f + \\fr 6.16 \\ft Seetal ci \\bk Sarxalkat yi\\bk* 26.12.\\f*.»"},{"style":"q1","verse":"","text":""},{"style":"v","verse":"17","text":"Kon nag:"},{"style":"q1","verse":"","text":"«Nangeen génne ci seen biir, te teqalikoo ak ñoom,»"},{"style":"q1","verse":"","text":"la Boroom bi wax,"},{"style":"q1","verse":"","text":"«lu sobewu, buleen ko laal\\f + \\fr 6.17 \\ft Seetal ci \\bk Esayi\\bk* 52.11.\\f*."},{"style":"q1","verse":"","text":"Su boobaa, maa leen di dalal\\f + \\fr 6.17 \\ft Seetal ci \\bk Esekiyel\\bk* 20.41.\\f*."},{"style":"q1","verse":"","text":""},{"style":"v","verse":"18","text":"Maay doon seen baay,"},{"style":"q1","verse":"","text":"ngeen di samay doom, góor ak jigéen\\f + \\fr 6.18 \\ft Seetal ci \\bk 2.Samiyel\\bk* 7.14.\\f*,»"},{"style":"q1","verse":"","text":"la Boroom bi, Aji Man ji wax."}]