[{"style":"mt1","text":"Esayi"},{"style":"ms","verse":"","text":"Mucc a ngi ci Emanuwel"},{"style":"mr","verse":"","text":"(Saar 1---12)"},{"style":"s1","verse":"","text":"Ubbite gi"},{"style":"p","verse":"","text":""},{"style":"v","verse":"1","text":"Lii moo di peeñum Esayi doomu Amocc, di lu mu gis ci mbirum Yuda ak Yerusalem ci janti buuri Yuda yi ñuy wax Osiyas\\f + \\fr 1.1 \\ft Osiyas mooy Asaryaa ba tey.\\f* ak Yotam ak Axas ak Esekiyas."},{"style":"s1","verse":"","text":"Aji Sax ji sikk na waa Yuda"},{"style":"q1","verse":"","text":""},{"style":"v","verse":"2","text":"Asamaan, déglul; suuf, teewlul,"},{"style":"q1","verse":"","text":"\\w Aji Sax jeey|Aji Sax j-:\\w* àddu:"},{"style":"q1","verse":"","text":"«Ay gone laa yar, màggloo leen,"},{"style":"q1","verse":"","text":"ñoom, ñu gàntal ma."},{"style":"q1","verse":"","text":""},{"style":"v","verse":"3","text":"Aw yëkk xam na boroomam,"},{"style":"q1","verse":"","text":"mbaam-sëf xam gàmb bi ko boroomam di xonte,"},{"style":"q1","verse":"","text":"waaye Israayil xamul,"},{"style":"q1","verse":"","text":"sama ñoñ ñii xàmmeewuñu.»"},{"style":"q1","verse":"","text":""},{"style":"v","verse":"4","text":"Wóoy wii xeetu moykat,"},{"style":"q1","verse":"","text":"wii askan wu diisu ñaawtéef,"},{"style":"q1","verse":"","text":"mii njurum defkati mbon,"},{"style":"q1","verse":"","text":"yii doomi yàqute!"},{"style":"q1","verse":"","text":"Ñoo wacc Aji Sax ji,"},{"style":"q1","verse":"","text":"ñoo sofental \\w Aji Sell|Aji Sell j-:\\w* ju Israayil,"},{"style":"q1","verse":"","text":"dëddu ko."},{"style":"q1","verse":"","text":""},{"style":"v","verse":"5","text":"Xanaa dungeen wéye fippu,"},{"style":"q1","verse":"","text":"ñu gën leena duma,"},{"style":"q1","verse":"","text":"te bopp di góomi neen,"},{"style":"q1","verse":"","text":"xol jeex tàkk?"},{"style":"q1","verse":"","text":""},{"style":"v","verse":"6","text":"Bopp ba téstën, fenn jagul."},{"style":"q1","verse":"","text":"Xanaa gaañu-gaañu aki dagg-dagg rekk,"},{"style":"q1","verse":"","text":"ak góom yuy nàcc,"},{"style":"q1","verse":"","text":"fajeesu ko, takkeesu ko,"},{"style":"q1","verse":"","text":"gajfaleesu kook ag diw."},{"style":"q1","verse":"","text":""},{"style":"v","verse":"7","text":"Seenum réew gental,"},{"style":"q1","verse":"","text":"seeni dëkk xoyomu,"},{"style":"q1","verse":"","text":"seen suuf, doxandéem yi lekk fi seen kanam,"},{"style":"q1","verse":"","text":"muy gent bu doxandéem tas."},{"style":"q1","verse":"","text":""},{"style":"v","verse":"8","text":"\\w Siyoŋ|Siyoŋ:\\w*, dëkk bu taaru baa ngi wéet"},{"style":"q1","verse":"","text":"ni mbaarum tóokër mbaa dalub toolu xaal."},{"style":"q1","verse":"","text":"Mbete dëkk bu ñu gaw!"},{"style":"q1","verse":"","text":""},{"style":"v","verse":"9","text":"Bu nu Aji Sax ju gàngoor yi"},{"style":"q2","verse":"","text":"waccalul woon li nu deseek as néew,"},{"style":"q1","verse":"","text":"ni \\w Sodom|Sodom ak Gomor:\\w*\\f + \\fr 1.9 \\ft Seetal ci \\bk Njàlbéen ga\\bk* 19.23-29.\\f* lanuy mel,"},{"style":"q1","verse":"","text":"Gomor lanuy neexool."},{"style":"s1","verse":"","text":"Aji Sax ji bañ na ngistal"},{"style":"q1","verse":"","text":""},{"style":"v","verse":"10","text":"Dégluleen kàddug Aji Sax ji, yeen njiiti \\w Sodom|Sodom ak Gomor:\\w*,"},{"style":"q1","verse":"","text":"teewluleen sunu yoonu Yàlla, yeen askanu Gomor."},{"style":"q1","verse":"","text":""},{"style":"v","verse":"11","text":"«Lu may doye seen sarax yu bare?» la Aji Sax ji wax."},{"style":"q1","verse":"","text":"«Damaa suur seen \\w saraxi rendi-dóomali|Sarax yi:\\w* kuuy,"},{"style":"q1","verse":"","text":"suur nebbonu juru yar gi,"},{"style":"q1","verse":"","text":"deretu yëkk ak xar ak sikket it, safu ma."},{"style":"q1","verse":"","text":""},{"style":"v","verse":"12","text":"Bu ngeen dikkee, teewsi fi sama kanam,"},{"style":"q1","verse":"","text":"ana ku leen sant ñu joggat-joggatee nii sama ëttu kër?"},{"style":"q1","verse":"","text":""},{"style":"v","verse":"13","text":"Buleen fi indeeti saraxi caaxaan,"},{"style":"q2","verse":"","text":"seen saraxu \\w cuuraay|cuuraay l-:\\w*, lu ma seexlu la."},{"style":"q1","verse":"","text":"Terutel weer ak \\w bésub Noflaay|bésub Noflaay b-:\\w*"},{"style":"q2","verse":"","text":"ak wooteb ndajee ci yem!"},{"style":"q1","verse":"","text":"Duma mana dékku ndajem diine mu rax njubadi."},{"style":"q1","verse":"","text":""},{"style":"v","verse":"14","text":"Seeni Terutel weer ak seen bési màggal"},{"style":"q2","verse":"","text":"laa bañ ci sama xol;"},{"style":"q1","verse":"","text":"yooyu màggal a ma diis ba àttanatuma ko."},{"style":"q1","verse":"","text":""},{"style":"v","verse":"15","text":"Bu ngeen ma tàllaleey yoxo,"},{"style":"q1","verse":"","text":"ma fuuyu."},{"style":"q1","verse":"","text":"Bu ngeen doon ñaan-ñaanee it,"},{"style":"q1","verse":"","text":"du maa leen di déglu:"},{"style":"q1","verse":"","text":"seeni loxo, deret la taq ripp."},{"style":"q1","verse":"","text":""},{"style":"v","verse":"16","text":"Raxasuleen ba set wecc,"},{"style":"q1","verse":"","text":"jëleleen seeni jëf ju bon fi sama kanam,"},{"style":"q1","verse":"","text":"te ngeen ba lu bon."},{"style":"q1","verse":"","text":""},{"style":"v","verse":"17","text":"Jàngleen di def lu baax,"},{"style":"q1","verse":"","text":"sàkku njub,"},{"style":"q1","verse":"","text":"waññi ab nootkat,"},{"style":"q1","verse":"","text":"àtte dëgg ab jirim,"},{"style":"q1","verse":"","text":"sàmm àqu jëtun."},{"style":"b","verse":"","text":""},{"style":"q1","verse":"","text":""},{"style":"v","verse":"18","text":"«Kaayleen, nu waxtaan ba juboo,» la Aji Sax ji wax."},{"style":"q1","verse":"","text":"«Li seeni bàkkaar di xonq lépp,"},{"style":"q1","verse":"","text":"tàll lay weexeji."},{"style":"q1","verse":"","text":"Li muy xonq curr lépp,"},{"style":"q1","verse":"","text":"weex furr lay mujje."},{"style":"q1","verse":"","text":""},{"style":"v","verse":"19","text":"Su ngeen ma nangoo déggal,"},{"style":"q1","verse":"","text":"ngëneelu réew mi ngeen di xéewloo."},{"style":"q1","verse":"","text":""},{"style":"v","verse":"20","text":"Waaye su ngeen lànkee, fippu,"},{"style":"q1","verse":"","text":"saamar a leen di xéewloo.»"},{"style":"q1","verse":"","text":"Aji Sax ji déy a ko wax ci gémmiñam."},{"style":"s1","verse":"","text":"Mbugal mooy setal Yerusalem"},{"style":"q1","verse":"","text":""},{"style":"v","verse":"21","text":"Ana nu biib dëkk yàqoo, mbeteb gànc,"},{"style":"q1","verse":"","text":"te nekkoon dëkkub kóllëre,"},{"style":"q1","verse":"","text":"yoon mate fa,"},{"style":"q1","verse":"","text":"njubte lal fa panaan,"},{"style":"q1","verse":"","text":"tey ñu diy bóomkat!"},{"style":"q1","verse":"","text":""},{"style":"v","verse":"22","text":"Sa xaalis doon na raxit,"},{"style":"q1","verse":"","text":"sa biiñ xormbet."},{"style":"q1","verse":"","text":""},{"style":"v","verse":"23","text":"Seeni njiit të,"},{"style":"q1","verse":"","text":"xejjoo ay sàcc,"},{"style":"q1","verse":"","text":"ñoom ñépp sopp ger,"},{"style":"q1","verse":"","text":"di dàq ay neexal;"},{"style":"q1","verse":"","text":"ab jirim, sàmmuñu àtteem,"},{"style":"q1","verse":"","text":"àqu jëtun soxalu leen."},{"style":"q1","verse":"","text":""},{"style":"v","verse":"24","text":"Moo tax, kàddug Boroom bee,"},{"style":"q1","verse":"","text":"Aji Sax ju gàngoor yi,"},{"style":"q1","verse":"","text":"Jàmbaaru Israayil:"},{"style":"q1","verse":"","text":"«Maay lijjanti samay bañ, ngalla ñoom!"},{"style":"q1","verse":"","text":"Maay fey samay noon!"},{"style":"q1","verse":"","text":""},{"style":"v","verse":"25","text":"Yerusalem, maa lay teg loxo,"},{"style":"q1","verse":"","text":"maay seeyal sa raxit ni xeme,"},{"style":"q1","verse":"","text":"ba dindi sa mbuubit mépp."},{"style":"q1","verse":"","text":""},{"style":"v","verse":"26","text":"Maay waññi say àttekat, ñu mel na woon,"},{"style":"q1","verse":"","text":"ñi lay digal it dellu mel ni bu njëkkoon."},{"style":"q1","verse":"","text":"Su boobaa ñu woowe la Dëkkub Yoon"},{"style":"q1","verse":"","text":"ak Dëkkub Kóllëre.»"},{"style":"q1","verse":"","text":""},{"style":"v","verse":"27","text":"\\w Siyoŋ|Siyoŋ:\\w* dëppook yoon, mucc,"},{"style":"q1","verse":"","text":"ay tuubkatam wormaal njub, raw;"},{"style":"q1","verse":"","text":""},{"style":"v","verse":"28","text":"moykat ak bàkkaarkat yàqoondoo,"},{"style":"q1","verse":"","text":"dëddukati Aji Sax ji sànkoondoo."},{"style":"q1","verse":"","text":""},{"style":"v","verse":"29","text":"Yeenay rus moos ci garab yu mag,"},{"style":"q2","verse":"","text":"yi ngeen soppoona daje, di xërëmtu."},{"style":"q1","verse":"","text":"Yeenay am gàcce ci tóokër"},{"style":"q2","verse":"","text":"yi ngeen taamu woona daje, di bokkaale."},{"style":"q1","verse":"","text":""},{"style":"v","verse":"30","text":"Yeenay meli ni garab gu mag gu xob ya lax,"},{"style":"q1","verse":"","text":"mbaa tóokër bu amul siitum ndox."},{"style":"q1","verse":"","text":""},{"style":"v","verse":"31","text":"Boroom doole mel ni boob,"},{"style":"q1","verse":"","text":"la mu liggéey di ferñent,"},{"style":"q1","verse":"","text":"ànd ak moom ne jéppét,"},{"style":"q1","verse":"","text":"te kenn du fey sawara wa."}]