[{"style":"s1","verse":"","text":"Mbugal ñeel na kàngami Yuda"},{"style":"q1","verse":"","text":""},{"style":"v","verse":"1","text":"Wóoy ngalla boroom dogal yiy dogal njubadi,"},{"style":"q1","verse":"","text":"bind ko, te muy jur coono,"},{"style":"q1","verse":"","text":""},{"style":"v","verse":"2","text":"di ko àttee ñàkkal ku ñàkk,"},{"style":"q1","verse":"","text":"di xañ àq sama néew-ji-dooley ñoñ,"},{"style":"q1","verse":"","text":"bay lekk ab jëtun,"},{"style":"q1","verse":"","text":"di sëxëtoo ab jirim."},{"style":"q1","verse":"","text":""},{"style":"v","verse":"3","text":"Ana nu ngeen di def keroog bésub mbugal ba,"},{"style":"q1","verse":"","text":"keroog ba safaan di bawoo fu sore?"},{"style":"q1","verse":"","text":"Ana ku ngeen di daw wuti wallam?"},{"style":"q1","verse":"","text":"Ana fu ngeen di denci seen teraanga?"},{"style":"q1","verse":"","text":""},{"style":"v","verse":"4","text":"Xanaa ànd ak ña ñu jàpp, ne yogg;"},{"style":"q1","verse":"","text":"mbaa tëddandook ña ñu bóom, ne lareet."},{"style":"b","verse":"","text":""},{"style":"q1","verse":"","text":"Teewul Aji Sax ji xàcc loxoom,"},{"style":"q1","verse":"","text":"meddiwul ba tey."},{"style":"s1","verse":"","text":"Asiri muccul ci mbugal"},{"style":"q1","verse":"","text":""},{"style":"v","verse":"5","text":"Wóoy ngalla Asiri miy sama yetu mer,"},{"style":"q1","verse":"","text":"bolde bi ñu ŋàbb di sama sànj,"},{"style":"q1","verse":"","text":""},{"style":"v","verse":"6","text":"ma xabtal ko fi kaw xeet wu gëmadi,"},{"style":"q1","verse":"","text":"yebal ko ca askan woowu ma merloo,"},{"style":"q1","verse":"","text":"ngir ñu sëxëtoo leen, nangu seen alal,"},{"style":"q1","verse":"","text":"noote leen ni banu mbedd."},{"style":"q1","verse":"","text":""},{"style":"v","verse":"7","text":"Waaye Asiri gisewu ko noonu,"},{"style":"q1","verse":"","text":"xalaatewul noonu;"},{"style":"q1","verse":"","text":"bóome la xintewoo,"},{"style":"q1","verse":"","text":"ba faxas xeeti xeet."},{"style":"q1","verse":"","text":""},{"style":"v","verse":"8","text":"Mu ngi naan: «Xanaa du sama jawriñ yépp a diy buur?"},{"style":"q1","verse":"","text":""},{"style":"v","verse":"9","text":"Kalne daa gën Karkemis gee ma nangu?"},{"style":"q1","verse":"","text":"Am Amat daa gën Arpàdd?"},{"style":"q1","verse":"","text":"Am Samari daa gën Damaas\\f + \\fr 10.9 \\fk Kalne \\ft ak \\fk Karkemis \\ft ak \\fk Amat \\ft ak \\fk Arpàdd \\ft ak \\fk Damaas, \\ft ay dëkki Siri lañu.\\f*?"},{"style":"q1","verse":"","text":""},{"style":"v","verse":"10","text":"Maa duma réew yu seeni yàllantu,"},{"style":"q2","verse":"","text":"seeni tuur sut tuuri Yerusalem ak Samari."},{"style":"q1","verse":"","text":""},{"style":"v","verse":"11","text":"Na ma tege loxo Samari aki yàllantoom,"},{"style":"q1","verse":"","text":"ndax duma ni tege loxo Yerusalem aki tuuram?»"},{"style":"q1","verse":"","text":""},{"style":"v","verse":"12","text":"Boroom bi nee:"},{"style":"q1","verse":"","text":"«Bu ma sottalee liggéey"},{"style":"q2","verse":"","text":"fa kaw tundu \\w Siyoŋ|Siyoŋ:\\w* ak fa Yerusalem,"},{"style":"q1","verse":"","text":"maay mbugale buurub Asiri réy-réyloom gi,"},{"style":"q2","verse":"","text":"ak gëti xeebaateem.»"},{"style":"q1","verse":"","text":""},{"style":"v","verse":"13","text":"Moom moo ne: «Sama dooley përëg laa defe lii,"},{"style":"q1","verse":"","text":"maa xelu, ràññee;"},{"style":"q1","verse":"","text":"ba randal kemi suufi xeet yi,"},{"style":"q1","verse":"","text":"foqati seeni alal,"},{"style":"q1","verse":"","text":"dañ boroom jal ya niw yëkk, wàcce leen."},{"style":"q1","verse":"","text":""},{"style":"v","verse":"14","text":"Maa teg alali xeet yi loxo,"},{"style":"q1","verse":"","text":"ni ku gis am tàgg."},{"style":"q1","verse":"","text":"Maa tonneendoo réewi àddina"},{"style":"q1","verse":"","text":"ni ku for ay nen, tonni lépp,"},{"style":"q1","verse":"","text":"laaf tëf-tëfluwul, sàll newul ciib!»"},{"style":"b","verse":"","text":""},{"style":"q1","verse":"","text":""},{"style":"v","verse":"15","text":"Sémmiñ dina diir mbagg ka koy gore?"},{"style":"q1","verse":"","text":"Am dogukaay dina réy-réylu ba sut ka koy doge?"},{"style":"q1","verse":"","text":"Mbete yet wuy yékkati ka ko ŋàbb;"},{"style":"q1","verse":"","text":"mbaa bolde bu walbatiku ŋàbb boroom!"},{"style":"q1","verse":"","text":""},{"style":"v","verse":"16","text":"Moo tax Boroom bi,"},{"style":"q2","verse":"","text":"Aji Sax ji Boroom gàngoori xare yi,"},{"style":"q1","verse":"","text":"di yebal woppi ràgg fi kaw mbuxreem yi,"},{"style":"q1","verse":"","text":"seen daraja tàkk, sawara xoyom ko."},{"style":"q1","verse":"","text":""},{"style":"v","verse":"17","text":"Aji Sax ji, leeru Israayil mooy doon sawara,"},{"style":"q1","verse":"","text":"\\w Ku sellam|Aji Sell j-:\\w* kooku mooy doon tàkk-tàkku sawara,"},{"style":"q1","verse":"","text":"xoyom taxasi Asiri aki dégam ci benn bés."},{"style":"q1","verse":"","text":""},{"style":"v","verse":"18","text":"Gott bu naat ak tool bu meññ, mu ne faraas sànk,"},{"style":"q1","verse":"","text":"ba mu mel ni ku wopp, yaram way seey,"},{"style":"q1","verse":"","text":""},{"style":"v","verse":"19","text":"gott ba dese garab yu néew"},{"style":"q2","verse":"","text":"yu gone mana lim, bind ko."},{"style":"s1","verse":"","text":"Ndesu Israayil dina ñibbi"},{"style":"q1","verse":"","text":""},{"style":"v","verse":"20","text":"Keroog bés booba"},{"style":"q1","verse":"","text":"li des fi Israayil ak li rëcce kër \\w Yanqóoba|Yanqóoba:\\w*"},{"style":"q1","verse":"","text":"duñu wéerooti ña leen duma."},{"style":"q1","verse":"","text":"Aji Sax ji lañuy wóolu, wéeroo ko,"},{"style":"q1","verse":"","text":"\\w Aji Sell|Aji Sell j-:\\w* ju Israayil."},{"style":"q1","verse":"","text":""},{"style":"v","verse":"21","text":"Aw ndes ay délsi,"},{"style":"q1","verse":"","text":"di ndesu askanu Yanqóoba,"},{"style":"q1","verse":"","text":"ñeel Yàlla Jàmbaar ji."},{"style":"q1","verse":"","text":""},{"style":"v","verse":"22","text":"Seen xeet wi ni feppi suufas géej la tollu,"},{"style":"q1","verse":"","text":"te as ndes a ciy délsi."},{"style":"q1","verse":"","text":"Àtteb sànkute mooy taxaw,"},{"style":"q1","verse":"","text":"yoon toppe ba mat sëkk."},{"style":"q1","verse":"","text":""},{"style":"v","verse":"23","text":"Sànkute déy mooy taxaw,"},{"style":"q1","verse":"","text":"Boroom bi, Aji Sax ji Boroom gàngoor yi"},{"style":"q1","verse":"","text":"di ko sottal fi réew mi mépp."},{"style":"b","verse":"","text":""},{"style":"q1","verse":"","text":""},{"style":"v","verse":"24","text":"Moo tax Boroom bi,"},{"style":"q1","verse":"","text":"Aji Sax ji Boroom gàngoor yi"},{"style":"q2","verse":"","text":"dafa wax ne:"},{"style":"q1","verse":"","text":"«Yeen sama ñoñ ñi dëkke \\w Siyoŋ|Siyoŋ:\\w*,"},{"style":"q1","verse":"","text":"buleen ragal waa Asiri yi leen di dóor yet,"},{"style":"q1","verse":"","text":"dinañu xàcc bolde ni waa Misra daa def ak yeen."},{"style":"q1","verse":"","text":""},{"style":"v","verse":"25","text":"Waaye fi leek lu néewa néew"},{"style":"q1","verse":"","text":"mbugal jeex fi seen biir,"},{"style":"q1","verse":"","text":"am sànj sippil Asiri seen sànkute.»"},{"style":"q1","verse":"","text":""},{"style":"v","verse":"26","text":"Aji Sax ji Boroom gàngoor yee di yékkati kàcciri ci Asiri,"},{"style":"q1","verse":"","text":"na mu defoon waa Majan fa doju Oreb."},{"style":"q1","verse":"","text":"Mooy xàcc aw yetam, mu dal géej,"},{"style":"q1","verse":"","text":"na mu defoon fa Misra."},{"style":"q1","verse":"","text":""},{"style":"v","verse":"27","text":"Bésub keroog sëf bu ñu leen sëfoon wàcc leen,"},{"style":"q1","verse":"","text":"ngeen tàggook yet wu ñu leen tënke woon,"},{"style":"q1","verse":"","text":"ndax seen yaram ay naat, ba yet wa damm."},{"style":"s1","verse":"","text":"Noon yi songsi nañu"},{"style":"q1","verse":"","text":""},{"style":"v","verse":"28","text":"Noon yeey songsi Ayat, jéggi Migron,"},{"style":"q1","verse":"","text":"dem ba Migmas, teg fa seeni jumtukaay,"},{"style":"q1","verse":"","text":""},{"style":"v","verse":"29","text":"jaare ca xunt ma"},{"style":"q1","verse":"","text":"te naan: «Geba lanuy fanaani!»"},{"style":"q1","verse":"","text":"Waa Raama tiit, waa Gibeya, dëkku Sawul daw."},{"style":"q1","verse":"","text":""},{"style":"v","verse":"30","text":"Yeen waa Galim, yuuxuleen,"},{"style":"q1","verse":"","text":"yeen waa Laysa, dégluleen,"},{"style":"q1","verse":"","text":"yeen waa Anatot, feeluleen."},{"style":"q1","verse":"","text":""},{"style":"v","verse":"31","text":"Waa Madmena ñooy fëlxoo,"},{"style":"q1","verse":"","text":"waa Gebim wuti rawtu."},{"style":"q1","verse":"","text":""},{"style":"v","verse":"32","text":"Tey jii noon yaa ngay taxaw fa Noob,"},{"style":"q1","verse":"","text":"di sànni loxo waa tundu \\w Siyoŋ|Siyoŋ:\\w*,"},{"style":"q1","verse":"","text":"di ko tëkkoo waa Yerusalem googu."},{"style":"q1","verse":"","text":""},{"style":"v","verse":"33","text":"Boroom baa ngoog, Aji Sax ji Boroom gàngoor yi,"},{"style":"q1","verse":"","text":"mu ngi gor garab yi, di rajaxe car yi,"},{"style":"q1","verse":"","text":"njobbaxtal ya gëna kawe dog,"},{"style":"q1","verse":"","text":"la ca gënoona siggi, wàcc."},{"style":"q1","verse":"","text":""},{"style":"v","verse":"34","text":"Mooy jël sémmiñ, goraale gajji gott bi,"},{"style":"q1","verse":"","text":"Libaŋ loroo loxol boroom doole, ba jóoru."}]