[{"style":"s1","verse":"","text":"Cant jib na"},{"style":"q1","verse":"","text":""},{"style":"v","verse":"1","text":"Bésub keroog dees na ne:"},{"style":"q1","verse":"","text":"«Aji Sax ji, sant naa la;"},{"style":"q1","verse":"","text":"yaa ma mere woon, meddi, dëfal ma.»"},{"style":"q1","verse":"","text":""},{"style":"v","verse":"2","text":"Ma ne: «Yàllaa may wallu,"},{"style":"q1","verse":"","text":"ma dallu, duma tiit."},{"style":"q1","verse":"","text":"Sama dooleek sama kaaraange mooy Ki Sax,"},{"style":"q1","verse":"","text":"di Aji Sax ji,"},{"style":"q1","verse":"","text":"te mooy sama wall.»"},{"style":"q1","verse":"","text":""},{"style":"v","verse":"3","text":"Mbégte ngeen di rooteji"},{"style":"q1","verse":"","text":"fa wali mucc ya."},{"style":"q1","verse":"","text":""},{"style":"v","verse":"4","text":"Bésub keroog ngeen ne:"},{"style":"q1","verse":"","text":"«Santleen Aji Sax ji, tudd turam,"},{"style":"q1","verse":"","text":"xamley jalooreem ci biir xeet yi,"},{"style":"q1","verse":"","text":"fàttali màggaayu turam."},{"style":"q1","verse":"","text":""},{"style":"v","verse":"5","text":"Woyleen Aji Sax ji,"},{"style":"q1","verse":"","text":"moo kawey jëf!"},{"style":"q1","verse":"","text":"Na lii siiw biir àddina sépp."},{"style":"q1","verse":"","text":""},{"style":"v","verse":"6","text":"Yeen waa \\w Siyoŋ|Siyoŋ:\\w*, serleen te sarxolleel"},{"style":"q2","verse":"","text":"Ku màgg ki fi seen biir,"},{"style":"q1","verse":"","text":"\\w Aji Sell|Aji Sell j-:\\w* ju Israayil.»"}]