[{"style":"s1","verse":"","text":"Ab yéeneb waxyu ñeel na Mowab"},{"style":"m","verse":"","text":""},{"style":"v","verse":"1","text":"Yéene bii ñeel na Mowab:"},{"style":"q1","verse":"","text":"Genn guddi déy la Ar Mowab, dëkk ba tas, ne mes!"},{"style":"q1","verse":"","text":"Genn guddi déy la Kir Mowab tas, ne mes!"},{"style":"q1","verse":"","text":""},{"style":"v","verse":"2","text":"Nit ñaa ngi yéeg jëm kërug jaamookaay ga ca Dibon,"},{"style":"q2","verse":"","text":"ngir jooyi ca \\w bérebi jaamookaay|bérebi jaamookaay y-:\\w* ya,"},{"style":"q1","verse":"","text":"Mowab a ngay yuuxoo kaw tundu Nebo ak Medeba,"},{"style":"q1","verse":"","text":"boppoo bopp dib nel,"},{"style":"q1","verse":"","text":"sikkimoo sikkim xuufu,"},{"style":"q1","verse":"","text":""},{"style":"v","verse":"3","text":"nit ña sol saaku, di ñaawlu fa mbedd ya,"},{"style":"q1","verse":"","text":"ak kaw taax yaak pénc ya,"},{"style":"q1","verse":"","text":"ku ne di jooy ba say rongooñ wale."},{"style":"q1","verse":"","text":""},{"style":"v","verse":"4","text":"Waa Esbon ak Elalee ngi yuuxu,"},{"style":"q1","verse":"","text":"seen baat àkki ba Yaxacc,"},{"style":"q1","verse":"","text":"xarekati Mowab dégg ca, yuuxoo,"},{"style":"q1","verse":"","text":"ne yàcc ne yasar!"},{"style":"q1","verse":"","text":""},{"style":"v","verse":"5","text":"Maay jooy Mowab jooyi xol,"},{"style":"q1","verse":"","text":"nit ñaa nga fay dawe ba Cowar,"},{"style":"q1","verse":"","text":"àkki ba Eglat Selisiya."},{"style":"q1","verse":"","text":"Ña ngay yéeg jëm Luxit, di jooyoo,"},{"style":"q1","verse":"","text":"awe yoonu Oronayim, di yuuxu."},{"style":"q1","verse":"","text":""},{"style":"v","verse":"6","text":"Dexu Nimrim wow na,"},{"style":"q1","verse":"","text":"ñax wow, gàncax lax,"},{"style":"q1","verse":"","text":"dara naatatul."},{"style":"q1","verse":"","text":""},{"style":"v","verse":"7","text":"Jël nañu lu ñu deseek lu ñu dencoon,"},{"style":"q1","verse":"","text":"yóbbu, jàll ca wàllaa xuru Garab ya."},{"style":"q1","verse":"","text":""},{"style":"v","verse":"8","text":"Yuux déy maase na réewum Mowab,"},{"style":"q1","verse":"","text":"jooyoo ya ba Eglayim,"},{"style":"q1","verse":"","text":"jooyoo ya ba Beer Elim."},{"style":"q1","verse":"","text":""},{"style":"v","verse":"9","text":"Dexu Dimon déy fees na ak deret,"},{"style":"q1","verse":"","text":"te ma nara wàcceel Dimon lu ko raw,"},{"style":"q1","verse":"","text":"ba ku rëcce Mowab,"},{"style":"q1","verse":"","text":"ak ku des ci réew mi, ma booleek gaynde!"}]