[{"style":"b","verse":"","text":""},{"style":"q1","verse":"","text":""},{"style":"v","verse":"1","text":"Bésub keroog Aji Sax ji dikke saamaram"},{"style":"q2","verse":"","text":"bu jàmbaare, ñàng te réy,"},{"style":"q1","verse":"","text":"ba dal ci kaw Lewiyatan, jaan ja ca xél wa,"},{"style":"q1","verse":"","text":"Lewiyatan jaan jay wañaaruy dem,"},{"style":"q1","verse":"","text":"ninki-nankay géej jooju lay rey."},{"style":"s1","verse":"","text":"Aji Sax ji juboo naak ñoñam"},{"style":"q1","verse":"","text":""},{"style":"v","verse":"2","text":"Bésub keroog, tóokëru reseñ ju neex am,"},{"style":"q1","verse":"","text":"nangeen ko woy,"},{"style":"q1","verse":"","text":""},{"style":"v","verse":"3","text":"te man Aji Sax ji maa koy toppatoo,"},{"style":"q1","verse":"","text":"di ko suuxat saa su ne,"},{"style":"q1","verse":"","text":"di ko wattu guddeek bëccëg,"},{"style":"q1","verse":"","text":"bala koo kenn a song."},{"style":"q1","verse":"","text":""},{"style":"v","verse":"4","text":"Mereetuma tóokër bii,"},{"style":"q1","verse":"","text":"waaye lu ciy dég aki dagg,"},{"style":"q1","verse":"","text":"ma dox wuti ko, xareek moom,"},{"style":"q1","verse":"","text":"boole lépp xoyom."},{"style":"q1","verse":"","text":""},{"style":"v","verse":"5","text":"Xanaa ku langaamoo sama kiiraay"},{"style":"q1","verse":"","text":"te jàmmook man,"},{"style":"q1","verse":"","text":"ba jàmmook man."},{"style":"q1","verse":"","text":""},{"style":"v","verse":"6","text":"Ay bés a ngi ñëw \\w Yanqóoba|Yanqóoba:\\w* saxi reen,"},{"style":"q1","verse":"","text":"Israayil moomooy tóor, law,"},{"style":"q1","verse":"","text":"ba feesal déndu àddinaak meññeef."},{"style":"b","verse":"","text":""},{"style":"q1","verse":"","text":""},{"style":"v","verse":"7","text":"Defe ngeen ne Aji Sax ji duma na Israayil,"},{"style":"q1","verse":"","text":"na mu dumaa ña leen duma woon?"},{"style":"q1","verse":"","text":"Am bóomal na leen lu tollook"},{"style":"q2","verse":"","text":"la seeni bóomkat bóomoon?"},{"style":"q1","verse":"","text":""},{"style":"v","verse":"8","text":"Ndànk-ndànk la jëflanteek ñoom,"},{"style":"q1","verse":"","text":"ba mu leen toxalee,"},{"style":"q1","verse":"","text":"dàqe leen noowam gu mag,"},{"style":"q2","verse":"","text":"bésu ngelawal penku."},{"style":"q1","verse":"","text":""},{"style":"v","verse":"9","text":"Nii la Yanqóoba jotoo ñaawtéefam,"},{"style":"q1","verse":"","text":"nii la mujje am njéggalu bàkkaaram:"},{"style":"q1","verse":"","text":"day boole doji \\w sarxalukaay|sarxalukaay b-:\\w* bi yépp,"},{"style":"q1","verse":"","text":"rajaxe ni doji kew,"},{"style":"q1","verse":"","text":"xer wu ñuy jaamoo \\w Asera|Asera:\\w* dootu fa sampe,"},{"style":"q1","verse":"","text":"mbaa sarxalukaayi suurukaay."},{"style":"q1","verse":"","text":""},{"style":"v","verse":"10","text":"Dëkk bu ñu dàbbali mooy wéet,"},{"style":"q1","verse":"","text":"gental, ne wëyëŋ!"},{"style":"q1","verse":"","text":"Fa la nag di fore,"},{"style":"q1","verse":"","text":"fa lay goor, di lekk cari garab ya,"},{"style":"q1","verse":"","text":""},{"style":"v","verse":"11","text":"car ya wow, damm,"},{"style":"q1","verse":"","text":"jigéen ñi dikk, xambe."},{"style":"q1","verse":"","text":"Dañu di xeet wu dul dégg,"},{"style":"q1","verse":"","text":"ba tax ki leen sàkk yërëmu leen,"},{"style":"q1","verse":"","text":"moo leen bind te ñeewantewu leen."},{"style":"b","verse":"","text":""},{"style":"q1","verse":"","text":""},{"style":"v","verse":"12","text":"Bésub keroog Aji Sax ji bàcc,"},{"style":"q1","verse":"","text":"dale ca dexu Efraat ba ca walum Misra,"},{"style":"q1","verse":"","text":"te yeen \\w bànni Israayil|bànni Israayil:\\w*, dees na leen for"},{"style":"q2","verse":"","text":"kenn-kenn, ba ngeen daj."},{"style":"q1","verse":"","text":""},{"style":"v","verse":"13","text":"Bésub keroog bufta bu mag jib,"},{"style":"q1","verse":"","text":"ña laŋoon réewum Asiri délsi,"},{"style":"q1","verse":"","text":"ànd ak ña ñu tasaare woon biir réewum Misra,"},{"style":"q1","verse":"","text":"ba sujjóotalsi Aji Sax ji fa Yerusalem,"},{"style":"q1","verse":"","text":"fa kaw tund wu sell wa."}]