[{"style":"q1","verse":"","text":""},{"style":"v","verse":"1","text":"Su bés baa, juróom ñaari jigéen ŋoyaalu genn góor, ne ko:"},{"style":"q1","verse":"","text":"«Sunub dund, nun a,"},{"style":"q1","verse":"","text":"sunu koddaay, nun a!"},{"style":"q1","verse":"","text":"Jox nu sag buum rekk,"},{"style":"q1","verse":"","text":"teggil nu gàcce.»"},{"style":"s1","verse":"","text":"Aji Sax ji aar na ndesu Yerusalem"},{"style":"q1","verse":"","text":""},{"style":"v","verse":"2","text":"Su bés baa njebbitum Aji Sax ji"},{"style":"q1","verse":"","text":"doon lu yànj, darajawu,"},{"style":"q1","verse":"","text":"meññeefum réew mi di teraanga, dib sag,"},{"style":"q1","verse":"","text":"ñeel ñi dese bakkan fi Israayil."},{"style":"q1","verse":"","text":""},{"style":"v","verse":"3","text":"Su boobaa ku mucc fa \\w Siyoŋ|Siyoŋ:\\w*"},{"style":"q1","verse":"","text":"ak ku des fa Yerusalem,"},{"style":"q1","verse":"","text":"ku \\w sell|sell:\\w* ki lees lay woowe,"},{"style":"q1","verse":"","text":"muy képp ku ñu bind turam,"},{"style":"q1","verse":"","text":"te mu wara dese bakkan ci Yerusalem."},{"style":"q1","verse":"","text":""},{"style":"v","verse":"4","text":"Boroom beey wal noowal mbugal,"},{"style":"q1","verse":"","text":"noo guy lakk, sellal,"},{"style":"q1","verse":"","text":"fóote ko jonkani jigéeni Siyoŋ,"},{"style":"q1","verse":"","text":"fetee ko deret ji ci Yerusalem, ba mu set."},{"style":"q1","verse":"","text":""},{"style":"v","verse":"5","text":"Su boobaa tundu Siyoŋ bépp,"},{"style":"q1","verse":"","text":"fépp fu ñuy dajee,"},{"style":"q1","verse":"","text":"Aji Sax ji sàkk fa niiru saxaar bëccëg,"},{"style":"q1","verse":"","text":"guddi mu def tàkk-tàkk bu ne ràññ;"},{"style":"q1","verse":"","text":"leeru Aji Sax ji di kiiraay, tiim lépp,"},{"style":"q1","verse":"","text":""},{"style":"v","verse":"6","text":"di mbaar mu ñuy féexloo tàngooru bëccëg,"},{"style":"q1","verse":"","text":"di ko seeloob taw ak waame."}]