[{"style":"ms","verse":"","text":"Aji Sax jeey dàmp xol yi"},{"style":"mr","verse":"","text":"(Saar 40---66)"},{"style":"s1","verse":"","text":"Xibaaru jàmm ñeel na Israayil"},{"style":"q1","verse":"","text":""},{"style":"v","verse":"1","text":"Dëfalleen a dëfal sama ñoñ,"},{"style":"q1","verse":"","text":"la seen Yàlla wax!"},{"style":"q1","verse":"","text":""},{"style":"v","verse":"2","text":"Waxleen lu dalal xelu Yerusalem, yéeneleen"},{"style":"q1","verse":"","text":"ne leen seen xare jeex na,"},{"style":"q1","verse":"","text":"seen mbugal mat na."},{"style":"q1","verse":"","text":"Ñoo nangoo ci loxol Aji Sax ji"},{"style":"q1","verse":"","text":"lu fey ñaari yoon seen bépp bàkkaar."},{"style":"b","verse":"","text":""},{"style":"q1","verse":"","text":""},{"style":"v","verse":"3","text":"Baat a ngi jib, naan:"},{"style":"q2","verse":"","text":"«Nangeen xàll yoonu Aji Sax ji ci màndiŋ mi,"},{"style":"q1","verse":"","text":"fàkkalleen sunu Yàlla"},{"style":"q1","verse":"","text":"xàll wu jub fi joor gi."},{"style":"q1","verse":"","text":""},{"style":"v","verse":"4","text":"Wépp xur lees di kaweel,"},{"style":"q1","verse":"","text":"tund wu mag ak wu ndaw lees di suufeel;"},{"style":"q1","verse":"","text":"ba fu tunde mujj dig joor,"},{"style":"q1","verse":"","text":"fu ñagasoon maase,"},{"style":"q1","verse":"","text":""},{"style":"v","verse":"5","text":"darajay Aji Sax ji daldi feeñ,"},{"style":"q1","verse":"","text":"àddina sépp bokk gis ko."},{"style":"q1","verse":"","text":"Aji Sax jee ko wax ci làmmiñam.»"},{"style":"b","verse":"","text":""},{"style":"q1","verse":"","text":""},{"style":"v","verse":"6","text":"Baat a ngi naa: «Yéeneel!»"},{"style":"q1","verse":"","text":"Ma ne: «Lu may yéene?»"},{"style":"q1","verse":"","text":"Mu ne: «Neel:"},{"style":"q1","verse":"","text":"Nit am ñax doŋŋ la;"},{"style":"q1","verse":"","text":"gépp ngoram mel ni tóor-tóoru àll."},{"style":"q1","verse":"","text":""},{"style":"v","verse":"7","text":"Ñax ma wow,"},{"style":"q1","verse":"","text":"tóor-tóor ma lax"},{"style":"q1","verse":"","text":"fa ko Aji Sax ji yónnee mbóoyo."},{"style":"q1","verse":"","text":"Askan wi kay, am ñax doŋŋ la."},{"style":"q1","verse":"","text":""},{"style":"v","verse":"8","text":"Am ñax day wow;"},{"style":"q1","verse":"","text":"tóor-tóor day lax."},{"style":"q1","verse":"","text":"Waaye sunu kàddug Yàlla"},{"style":"q2","verse":"","text":"mooy sax ba fàww.»"},{"style":"b","verse":"","text":""},{"style":"q1","verse":"","text":""},{"style":"v","verse":"9","text":"Yaw \\w Siyoŋ|Siyoŋ:\\w*, xibaarkatu jàmm bi,"},{"style":"q1","verse":"","text":"doxal yéegi tund wu kawe,"},{"style":"q1","verse":"","text":"te xaacook doole."},{"style":"q1","verse":"","text":"Yaw Yerusalem, xibaarkatu jàmm bi,"},{"style":"q1","verse":"","text":"xaacul te bul ragal!"},{"style":"q1","verse":"","text":"Neel dëkki Yuda yi:"},{"style":"q1","verse":"","text":"«Seen Yàllaa ngii!"},{"style":"q1","verse":"","text":""},{"style":"v","verse":"10","text":"Boroom bi, Aji Sax jaa ngii,"},{"style":"q1","verse":"","text":"dikkaale doole"},{"style":"q1","verse":"","text":"ak kàttanu kilifteefam."},{"style":"q1","verse":"","text":"Mu ngii ànd ak ñi mu yooloo,"},{"style":"q1","verse":"","text":"ñu dig peyam, dox jiitu ko."},{"style":"q1","verse":"","text":""},{"style":"v","verse":"11","text":"Mooy sàmm géttam bii ni kuy sàmmug juram,"},{"style":"q1","verse":"","text":"boole mbote yi cib loxoom,"},{"style":"q1","verse":"","text":"taf cib dënnam, yóbbu;"},{"style":"q1","verse":"","text":"xar yiy nàmpal, mu wommat.»"},{"style":"b","verse":"","text":""},{"style":"q1","verse":"","text":""},{"style":"v","verse":"12","text":"Ana ku natte géej biir loxoom?"},{"style":"q1","verse":"","text":"Ku xaymaa asamaan yaatuwaayu loxo?"},{"style":"q1","verse":"","text":"Ku mana fab suuf sépp, sol cib nattukaay?"},{"style":"q1","verse":"","text":"Ana ku natte ab màndaxekaay tund wu mag?"},{"style":"q1","verse":"","text":"Mbaa mu tam-tamal tund wu ndaw?"},{"style":"q1","verse":"","text":""},{"style":"v","verse":"13","text":"Ana ku mana nànd xelum Aji Sax ji?"},{"style":"q1","verse":"","text":"Mbaa nga dib xejjam, ba di ko digal?"},{"style":"q1","verse":"","text":""},{"style":"v","verse":"14","text":"Ana ku mu diisool, ba kooka tegtal ko,"},{"style":"q1","verse":"","text":"jàngal ko yoonu njub,"},{"style":"q1","verse":"","text":"jàngal ko xam-xam,"},{"style":"q1","verse":"","text":"xamal ko yoonu dég-dég?"},{"style":"b","verse":"","text":""},{"style":"q1","verse":"","text":""},{"style":"v","verse":"15","text":"Xeet yaa ngii, mel ni aw toq ci biir bagaan,"},{"style":"q1","verse":"","text":"jàppeesu leen lu moy diisaayu feppu suuf!"},{"style":"q1","verse":"","text":"Dun yi lay yékkati ni pëndub suuf!"},{"style":"q1","verse":"","text":""},{"style":"v","verse":"16","text":"Gottub Libaŋ xambul taalu sarxalukaayam,"},{"style":"q1","verse":"","text":"te mala ya ca ne doyu ko \\w saraxu rendi-dóomal|Sarax yi:\\w*!"},{"style":"q1","verse":"","text":""},{"style":"v","verse":"17","text":"Xeetoo xeet du tus fi kanamam,"},{"style":"q1","verse":"","text":"te jàppewu leen lu moy neenug neen."},{"style":"q1","verse":"","text":""},{"style":"v","verse":"18","text":"Ana kan ngeen di niruleek Yàlla,"},{"style":"q1","verse":"","text":"ak nataal bu ngeen koy dendaleel?"},{"style":"q1","verse":"","text":""},{"style":"v","verse":"19","text":"Xanaa du jëmmu tuur ju liggéeykat móol,"},{"style":"q1","verse":"","text":"ab tëgg xoobe ko wurus,"},{"style":"q1","verse":"","text":"takk ca caqi xaalis?"},{"style":"q1","verse":"","text":""},{"style":"v","verse":"20","text":"Ku néewle ba amul may gu ni tollu,"},{"style":"q1","verse":"","text":"mooy tànn bant bu dul nëb,"},{"style":"q1","verse":"","text":"seeti liggéeykat bu xareñ"},{"style":"q1","verse":"","text":"bu ko ci sàkkal jëmmu tuur ju dëgër!"},{"style":"b","verse":"","text":""},{"style":"q1","verse":"","text":""},{"style":"v","verse":"21","text":"Xanaa dangeena xamul lii?"},{"style":"q1","verse":"","text":"Am dangeena déggul lii?"},{"style":"q1","verse":"","text":"Dees leena waxul ca njàlbéen,"},{"style":"q1","verse":"","text":"am seen xel a jàppul nan la àddina sosoo?"},{"style":"q1","verse":"","text":""},{"style":"v","verse":"22","text":"Moom moo tooge ca kaw wërngalu suuf,"},{"style":"q1","verse":"","text":"ñi ko dëkke mel niy soccet,"},{"style":"q1","verse":"","text":"moo tàllal asamaan ni ndimo,"},{"style":"q1","verse":"","text":"firi ko nib xayma, daldi dëkke."},{"style":"q1","verse":"","text":""},{"style":"v","verse":"23","text":"Mooy sànk kilifa,"},{"style":"q1","verse":"","text":"di neenal njiitu àddina."},{"style":"q1","verse":"","text":""},{"style":"v","verse":"24","text":"Ba ñu sampoogul,"},{"style":"q1","verse":"","text":"toogaguñu sax,"},{"style":"q1","verse":"","text":"ba seeni reen di riigu,"},{"style":"q1","verse":"","text":"ca la leen Aji Sax jiy wal, ñu wow,"},{"style":"q1","verse":"","text":"ngëlén buub, yóbbu ni boob."},{"style":"q1","verse":"","text":""},{"style":"v","verse":"25","text":"\\w Aji Sell|Aji Sell j-:\\w* ji ne:"},{"style":"q1","verse":"","text":"«Ana ku ngeen may nirooleel,"},{"style":"q1","verse":"","text":"ba may moroomam?»"},{"style":"q1","verse":"","text":""},{"style":"v","verse":"26","text":"Séentuleen kaw, xoolleen Ki sàkk biddiiw yii!"},{"style":"q1","verse":"","text":"Xanaa kiy daaguloo leeri asamaan ni gàngoor gu mat,"},{"style":"q1","verse":"","text":"ñoom ñépp lay woo ci seen tur,"},{"style":"q1","verse":"","text":"ci kawewaayu dooleem ak màggaayu kàttanam,"},{"style":"q1","verse":"","text":"te kenn du ci wuute."},{"style":"q1","verse":"","text":""},{"style":"v","verse":"27","text":"Yeen askanu \\w Yanqóoba|Yanqóoba:\\w*, lu ngeen di jàmbat?"},{"style":"q1","verse":"","text":"Yeen Israayil laa ne, lu ngeen di jooy,"},{"style":"q1","verse":"","text":"naa: «Aji Sax ji gisul li nu dal,"},{"style":"q1","verse":"","text":"sunu Yàlla daal, daa réere sunu àq!»"},{"style":"q1","verse":"","text":""},{"style":"v","verse":"28","text":"Dangeena xamul,"},{"style":"q1","verse":"","text":"am dangeena déggul"},{"style":"q1","verse":"","text":"ne Aji Sax jeey Yàlla ba fàww,"},{"style":"q1","verse":"","text":"sàkk suuf cat ba cat,"},{"style":"q1","verse":"","text":"du sonn, du tàyyi,"},{"style":"q1","verse":"","text":"te am xelam nattuwul?"},{"style":"q1","verse":"","text":""},{"style":"v","verse":"29","text":"Mooy dooleel ku loof,"},{"style":"q1","verse":"","text":"di kàttanal ku jeele."},{"style":"q1","verse":"","text":""},{"style":"v","verse":"30","text":"Waxambaane sonn, loof;"},{"style":"q1","verse":"","text":"xalelu góor di tërëf a tërëf,"},{"style":"q1","verse":"","text":""},{"style":"v","verse":"31","text":"kiy yaakaar Aji Sax ji moom, di yeeslu doole;"},{"style":"q1","verse":"","text":"da naa fëyy ni jaxaay juy naaw,"},{"style":"q1","verse":"","text":"di xélu te du xiix,"},{"style":"q1","verse":"","text":"di dox te du xoox."}]