[{"style":"s1","verse":"","text":"Jotkatub Israayil kenn la"},{"style":"q1","verse":"","text":""},{"style":"v","verse":"1","text":"Léegi nag yaw \\w Yanqóoba|Yanqóoba:\\w*,"},{"style":"q1","verse":"","text":"yaw Israayil mii,"},{"style":"q1","verse":"","text":"Aji Sax ji la sàkk tabax la, dafa wax ne:"},{"style":"q1","verse":"","text":"«Bul tiit, jot naa la."},{"style":"q1","verse":"","text":"Dama laa woo ci sa tur."},{"style":"q1","verse":"","text":"Maa la séddoo."},{"style":"q1","verse":"","text":""},{"style":"v","verse":"2","text":"Booy xuus cim ndox,"},{"style":"q1","verse":"","text":"maa ngi ànd ak yaw;"},{"style":"q1","verse":"","text":"ag dex du la mëdd."},{"style":"q1","verse":"","text":"Booy dox cib taal, doo lakk,"},{"style":"q1","verse":"","text":"sawara du la xoyom."},{"style":"q1","verse":"","text":""},{"style":"v","verse":"3","text":"Man Aji Sax ji, maay sa Yàlla;"},{"style":"q1","verse":"","text":"man \\w Aji Sell|Aji Sell j-:\\w* ju Israayil,"},{"style":"q1","verse":"","text":"maa lay musal."},{"style":"q1","verse":"","text":"Maa joxe Misra, feye la;"},{"style":"q1","verse":"","text":"ak \\w Kuus|Kuus:\\w* ak Saba, ma weccikoo la."},{"style":"q1","verse":"","text":""},{"style":"v","verse":"4","text":"Fonk la, teral la ak sopp la,"},{"style":"q1","verse":"","text":"moo tax ma joxey nit, weccikoo la;"},{"style":"q1","verse":"","text":"ay askan dee, wuutu sa bakkan."},{"style":"q1","verse":"","text":""},{"style":"v","verse":"5","text":"Bul tiit, yaw laa àndal,"},{"style":"q1","verse":"","text":"maay jële saw askan penku,"},{"style":"q1","verse":"","text":"dajalee leen sowub jant."},{"style":"q1","verse":"","text":""},{"style":"v","verse":"6","text":"Maa naa bëj-gànnaar: “Bàyyi leen!”"},{"style":"q1","verse":"","text":"ne bëj-saalum: “Bu leen téye!”"},{"style":"q1","verse":"","text":"Jëleel sama doom yu góor fu sore, delloosi,"},{"style":"q1","verse":"","text":"te jëleji sama doom yu jigéen fa cati àddina."},{"style":"q1","verse":"","text":""},{"style":"v","verse":"7","text":"Delloosil képp ku ñu ma tudde,"},{"style":"q1","verse":"","text":"te ma sàkk leen ngir ñu màggal ma,"},{"style":"q1","verse":"","text":"tabax leen, sottal leen.»"},{"style":"q1","verse":"","text":""},{"style":"v","verse":"8","text":"Indileen ñii diy silmaxa te ami gët;"},{"style":"q1","verse":"","text":"tëx te ami nopp."},{"style":"q1","verse":"","text":""},{"style":"v","verse":"9","text":"Na xeet yépp daje,"},{"style":"q1","verse":"","text":"askan yépp teewandoo."},{"style":"q1","verse":"","text":"Ana ku nu ci yégaloon lii xew,"},{"style":"q1","verse":"","text":"mbaa mu xamal nu la wees?"},{"style":"q1","verse":"","text":"Na seen seede teew, dëggal leen;"},{"style":"q1","verse":"","text":"ba ñu dégg leen, ne noonu la."},{"style":"q1","verse":"","text":""},{"style":"v","verse":"10","text":"«Yeen sama ñoñ, yeenay samay seede.»"},{"style":"q1","verse":"","text":"Kàddug Aji Sax jee."},{"style":"q1","verse":"","text":"«Yeenay sama jaam bi ma tànn,"},{"style":"q1","verse":"","text":"ngir ngeen xam, ba gëm ma,"},{"style":"q1","verse":"","text":"ba ràññee ne maay moom."},{"style":"q1","verse":"","text":"Sàkkeesul yàlla ju ma jiitu,"},{"style":"q1","verse":"","text":"mbaa ju may wuutuji."},{"style":"q1","verse":"","text":""},{"style":"v","verse":"11","text":"Aji Sax ji, mennum man a;"},{"style":"q1","verse":"","text":"amul jotkat bu ma moy."},{"style":"q1","verse":"","text":""},{"style":"v","verse":"12","text":"Maay dogal texe, sottal ko, biral ko,"},{"style":"q1","verse":"","text":"ba tuuru doxandéem nekkagul seen biir."},{"style":"q1","verse":"","text":"Yeen nag, yeenay samay seede.»"},{"style":"q1","verse":"","text":"Kàddug Aji Sax jee."},{"style":"q1","verse":"","text":"«Man maay Yàlla,"},{"style":"q1","verse":"","text":""},{"style":"v","verse":"13","text":"maa masa doon kenn ki,"},{"style":"q1","verse":"","text":"te sama loxo, maneesu cee musle."},{"style":"q1","verse":"","text":"Su ma defee, kuy dindi?»"},{"style":"b","verse":"","text":""},{"style":"q1","verse":"","text":""},{"style":"v","verse":"14","text":"Aji Sax jiy seen \\w jotkat|jotkat b-:\\w*,"},{"style":"q1","verse":"","text":"Aji Sell ju Israayil dafa wax ne:"},{"style":"q1","verse":"","text":"«Yeena tax ma yebal ku songsi Babilon,"},{"style":"q1","verse":"","text":"ba dàjji lu fay tëjukaay,"},{"style":"q1","verse":"","text":"ba xaxalooy Kaldeen ñooñu diy jooyoo\\f + \\fr 43.14 \\ft Li ñu wax fii ci làkku ebrë am na werante.\\f*."},{"style":"q1","verse":"","text":""},{"style":"v","verse":"15","text":"Maay Aji Sax ji, seen Ku sell ki;"},{"style":"q1","verse":"","text":"maa sàkk Israayil, di seen buur.»"},{"style":"b","verse":"","text":""},{"style":"q1","verse":"","text":""},{"style":"v","verse":"16","text":"Aji Sax ji dafa wax,"},{"style":"q1","verse":"","text":"moom mi sàkk yoon biir géej,"},{"style":"q1","verse":"","text":"rëddu xàll, digg mbeex mu ne xéew;"},{"style":"q1","verse":"","text":""},{"style":"v","verse":"17","text":"xabtal watiiri xare aki fas,"},{"style":"q1","verse":"","text":"ak gàngooru ñeyi xare,"},{"style":"q1","verse":"","text":"ñu bokk tëdd, jógatuñu,"},{"style":"q1","verse":"","text":"xanaa fey kamaj nib làmp."},{"style":"q1","verse":"","text":""},{"style":"v","verse":"18","text":"Mu ne: «Buleen geesu la woon,"},{"style":"q1","verse":"","text":"buleen seet ca la wees."},{"style":"q1","verse":"","text":""},{"style":"v","verse":"19","text":"Maa ngii di def lu yees,"},{"style":"q1","verse":"","text":"te mu ngii di feeñ xaat!"},{"style":"q1","verse":"","text":"Ràññeewuleen koo?"},{"style":"q1","verse":"","text":"Biir màndiŋ mi kay laay xàllu yoon;"},{"style":"q1","verse":"","text":"fa ne sereŋ, ma walal ay dex;"},{"style":"q1","verse":"","text":""},{"style":"v","verse":"20","text":"ndundati àll bi di ma sàbbaal,"},{"style":"q2","verse":"","text":"ñook njabootug bànjóoli,"},{"style":"q1","verse":"","text":"nde maa mayem ndox fi màndiŋ mi,"},{"style":"q1","verse":"","text":"dex ya wale fu noon sereŋ,"},{"style":"q1","verse":"","text":"ma nàndale sama ñoñ, sama tànnéef,"},{"style":"q1","verse":"","text":""},{"style":"v","verse":"21","text":"xeet wii ma bindal sama bopp,"},{"style":"q1","verse":"","text":"te ñooy siiwal sama woy."},{"style":"b","verse":"","text":""},{"style":"q1","verse":"","text":""},{"style":"v","verse":"22","text":"«Moona Yanqóoba, woowuloo ma,"},{"style":"q1","verse":"","text":"yaw Israayil laa ne, sàppi naa la."},{"style":"q1","verse":"","text":""},{"style":"v","verse":"23","text":"Du xar mu ndaw moo ma defal \\w saraxu rendi-dóomal|Sarax yi:\\w*,"},{"style":"q1","verse":"","text":"mbaa sarax yoo ma terale,"},{"style":"q1","verse":"","text":"te du sarax su ma la teg it,"},{"style":"q1","verse":"","text":"mbaa saraxu \\w cuuraay|cuuraay l-:\\w* bu ma la sonale."},{"style":"q1","verse":"","text":""},{"style":"v","verse":"24","text":"Du xaalis boo ma jëndale barax bu xeeñ,"},{"style":"q1","verse":"","text":"du nebbonu sarax boo ma reggale."},{"style":"q1","verse":"","text":"Xanaa lakkal maak say bàkkaar,"},{"style":"q1","verse":"","text":"sonal maak say ñaawtéef."},{"style":"q1","verse":"","text":""},{"style":"v","verse":"25","text":"Mennum man mii maay far say moy ngir man,"},{"style":"q1","verse":"","text":"ba dootuma fàttaliku bàkkaar."},{"style":"q1","verse":"","text":""},{"style":"v","verse":"26","text":"Fàttali ma saw lay, nu bokk layoo;"},{"style":"q1","verse":"","text":"waxal boog yaw, ndax nga yey!"},{"style":"q1","verse":"","text":""},{"style":"v","verse":"27","text":"Sa maam a njëkka bàkkaar,"},{"style":"q1","verse":"","text":"ñi lay teewal teg ca gàntal ma,"},{"style":"q1","verse":"","text":""},{"style":"v","verse":"28","text":"ba tax ma sobeel kilifay kër gu sell gi,"},{"style":"q1","verse":"","text":"sànk Yanqóoba,"},{"style":"q1","verse":"","text":"wacce Israayil ŋàññi noon."}]