[{"style":"s1","verse":"","text":"Yàlla sikk na Israayil"},{"style":"q1","verse":"","text":""},{"style":"v","verse":"1","text":"Yeen waa kër \\w Yanqóoba|Yanqóoba:\\w*, dégluleen;"},{"style":"q1","verse":"","text":"yeen ñi ñu woowe turu Israayil,"},{"style":"q1","verse":"","text":"yeen ñi bawoo bëti ndoxi Yuda,"},{"style":"q1","verse":"","text":"di giñe turu Aji Sax ji,"},{"style":"q1","verse":"","text":"yeen ñiy sàbbaal turu Yàllay Israayil"},{"style":"q1","verse":"","text":"te dëgg ak yoon taxul,"},{"style":"q1","verse":"","text":""},{"style":"v","verse":"2","text":"moona yeena ngi sagoo turu dëkk bu \\w sell|sell:\\w* bi,"},{"style":"q1","verse":"","text":"di wéeroo Yàllay Israayil"},{"style":"q2","verse":"","text":"ji turam di Aji Sax ji Boroom gàngoor yi:"},{"style":"q1","verse":"","text":""},{"style":"v","verse":"3","text":"«Yàgg na maa biral lay njëkka am."},{"style":"q1","verse":"","text":"Tuddoon naa ko, yégle ko,"},{"style":"q1","verse":"","text":"jekki jëf ko, mu sotti."},{"style":"q1","verse":"","text":""},{"style":"v","verse":"4","text":"Xam naa ne ñu dëgër bopp ngeen."},{"style":"q1","verse":"","text":"Dangeen të, wowle."},{"style":"q1","verse":"","text":""},{"style":"v","verse":"5","text":"Moo tax ma yàgg leena biralal lii,"},{"style":"q1","verse":"","text":"yégal leen ko balaa teew."},{"style":"q1","verse":"","text":"Lu ko moy ngeen ne:"},{"style":"q1","verse":"","text":"“Sunu tuur mee ko def,"},{"style":"q1","verse":"","text":"sunu tuuru bant bee,"},{"style":"q1","verse":"","text":"sunu tuuru weñ gee ko amal di!”"},{"style":"q1","verse":"","text":""},{"style":"v","verse":"6","text":"Lii lépp déggoon ngeen ko;"},{"style":"q1","verse":"","text":"xoolleen, xanaa dingeen ko nangu tey!"},{"style":"b","verse":"","text":""},{"style":"q1","verse":"","text":"«Bés niki tey dinaa leen yégal lu bees,"},{"style":"q1","verse":"","text":"muy kumpa gu ngeen xamul woon."},{"style":"q1","verse":"","text":""},{"style":"v","verse":"7","text":"Léegi lees ko amal,"},{"style":"q1","verse":"","text":"du lu yàgg."},{"style":"q1","verse":"","text":"Lu jiitu tey masuleen koo dégg"},{"style":"q1","verse":"","text":"te dungeen ne xamoon ngeen ko."},{"style":"q1","verse":"","text":""},{"style":"v","verse":"8","text":"Dégguleen, yéguleen,"},{"style":"q1","verse":"","text":"seeni nopp masula bënn;"},{"style":"q1","verse":"","text":"xam naa ne ay workati neen ngeen,"},{"style":"q1","verse":"","text":"“njuddu-fippu” lañu leen di woowe."},{"style":"q1","verse":"","text":""},{"style":"v","verse":"9","text":"Waaye sama tur tax na ma aj sama mer,"},{"style":"q1","verse":"","text":"sama woy tax na ma muñal leen,"},{"style":"q1","verse":"","text":"ba duma leen far."},{"style":"q1","verse":"","text":""},{"style":"v","verse":"10","text":"Ma ne, togg naa leen, xelli cib taal,"},{"style":"q1","verse":"","text":"waaye du taalu xellikaayu xaalis,"},{"style":"q1","verse":"","text":"sawaras nattu laa leen xellee."},{"style":"q1","verse":"","text":""},{"style":"v","verse":"11","text":"Samaw tur a tax,"},{"style":"q1","verse":"","text":"sama tur laay jëfe."},{"style":"q1","verse":"","text":"Jomb naa ñaaw!"},{"style":"q1","verse":"","text":"Te sama màggaay, duma ko joxe."},{"style":"b","verse":"","text":""},{"style":"q1","verse":"","text":""},{"style":"v","verse":"12","text":"«Dégluleen ma, yeen askanu Yanqóoba,"},{"style":"q1","verse":"","text":"yeen \\w bànni Israayil|bànni Israayil:\\w* gi ma dégtal sama woote."},{"style":"q1","verse":"","text":"Maay kenn, maa njëkk te maa mujj;"},{"style":"q1","verse":"","text":""},{"style":"v","verse":"13","text":"te sama loxo bee dëj suuf,"},{"style":"q1","verse":"","text":"sama ndijoor bi firi asamaan."},{"style":"q1","verse":"","text":"Maa leen di woo, ñu bokk taxaw."},{"style":"q1","verse":"","text":""},{"style":"v","verse":"14","text":"Bokkleen daje yeen ñépp te déglu!"},{"style":"q1","verse":"","text":"Kan ci tuur yii moo yégle lii?"},{"style":"q1","verse":"","text":"Ki Aji Sax ji sopp"},{"style":"q1","verse":"","text":"mooy sottal nammeelu Aji Sax ji ci Babilon,"},{"style":"q1","verse":"","text":"won Kaldeen ña fa dëkke diisaayu loxoom."},{"style":"q1","verse":"","text":""},{"style":"v","verse":"15","text":"Maa àddu, man mii;"},{"style":"q1","verse":"","text":"maa ko woo, indi ko,"},{"style":"q1","verse":"","text":"te pexeem dina àntu."},{"style":"q1","verse":"","text":""},{"style":"v","verse":"16","text":"Jegesileen ma, déglu ma;"},{"style":"q1","verse":"","text":"bu njëkk ba tey làquwuma, di wax;"},{"style":"q1","verse":"","text":"te ba muy xew, fa laa teew.»"},{"style":"b","verse":"","text":""},{"style":"q1","verse":"","text":"Tey Boroom bi Aji Sax ji da maa yebal,"},{"style":"q1","verse":"","text":"boole maak leeram."},{"style":"b","verse":"","text":""},{"style":"q1","verse":"","text":""},{"style":"v","verse":"17","text":"Aji Sax ji seen \\w jotkat|jotkat b-:\\w* dafa wax,"},{"style":"q1","verse":"","text":"\\w Aji Sell|Aji Sell j-:\\w* ju Israayil da ne:"},{"style":"q1","verse":"","text":"«Maay Aji Sax ji, seen Yàlla"},{"style":"q2","verse":"","text":"ji leen di jàngal seen njariñ,"},{"style":"q2","verse":"","text":"di leen awale fa ngeen wara awe."},{"style":"q1","verse":"","text":""},{"style":"v","verse":"18","text":"Céy su ngeen sàmmoon samay santaane,"},{"style":"q1","verse":"","text":"ba jàmm baawaanal leen,"},{"style":"q1","verse":"","text":"njekk géejal leen,"},{"style":"q1","verse":"","text":""},{"style":"v","verse":"19","text":"seen geño sakkan ni suuf,"},{"style":"q1","verse":"","text":"di seen meññeefu biir, tollook feppi suuf,"},{"style":"q1","verse":"","text":"du dog, du sànkoo fi sama kanam!"},{"style":"b","verse":"","text":""},{"style":"q1","verse":"","text":""},{"style":"v","verse":"20","text":"«Génnleen Babilon,"},{"style":"q1","verse":"","text":"dawleen Kaldeen ñi, tey sarxolle."},{"style":"q1","verse":"","text":"Biralleen lii, yéene ko,"},{"style":"q1","verse":"","text":"te yeggeji ko waa cati àddina,"},{"style":"q1","verse":"","text":"ne leen Aji Sax ji jot na jaamam Yanqóoba.»"},{"style":"q1","verse":"","text":""},{"style":"v","verse":"21","text":"Marewuñu béreb yu wow ya mu leen jaarale woon,"},{"style":"q1","verse":"","text":"ndox mu balle ciw doj la leen xellil,"},{"style":"q1","verse":"","text":"moo xaru doj, ndox ma baawaan\\f + \\fr 48.21 \\ft Seetal ci \\bk Mucc ga\\bk* 17.1-7.\\f*."},{"style":"q1","verse":"","text":""},{"style":"v","verse":"22","text":"«Jàmm,» la Aji Sax ji wax ne,"},{"style":"q1","verse":"","text":"«du ñeel ñu bon ñi.»"}]