[{"style":"s1","verse":"","text":"Bàkkaar ñag na diggante Yàllaak ñoñam"},{"style":"q1","verse":"","text":""},{"style":"v","verse":"1","text":"Ma ne, Aji Sax ji gàttul loxo ba tëlee walloo,"},{"style":"q1","verse":"","text":"noppam naqariwul ba tere koo dégg."},{"style":"q1","verse":"","text":""},{"style":"v","verse":"2","text":"Seeni ñaawtéef a dox seen digganteek"},{"style":"q2","verse":"","text":"seen Yàlla."},{"style":"q1","verse":"","text":"Seeni moy a leen xañ kanamam,"},{"style":"q1","verse":"","text":"ba mu tanqamlu leen."},{"style":"q1","verse":"","text":""},{"style":"v","verse":"3","text":"Seeni loxoo taq deret,"},{"style":"q1","verse":"","text":"ngeen ne ripp ci ñaawtéef,"},{"style":"q1","verse":"","text":"làmmiñ di fen, di sos njekkar."},{"style":"q1","verse":"","text":""},{"style":"v","verse":"4","text":"Du dëgg gu kenn wut cib àtte,"},{"style":"q1","verse":"","text":"du dëgg gu kenn sàkku cib layoo."},{"style":"q1","verse":"","text":"Ñu ngi yaakaar caaxaan, di fen,"},{"style":"q1","verse":"","text":"di sos ayib, di wasin ñaawtéef."},{"style":"q1","verse":"","text":""},{"style":"v","verse":"5","text":"Nenu ñàngóor lañuy tostan,"},{"style":"q1","verse":"","text":"di ràbb lëndu jargoñ."},{"style":"q1","verse":"","text":"Ku lekk ci nen yi dee,"},{"style":"q1","verse":"","text":"te boo ci tojeeb nen,"},{"style":"q1","verse":"","text":"saamaan fëlle ca."},{"style":"q1","verse":"","text":""},{"style":"v","verse":"6","text":"Seeni lënd du ràbbe ba solal nit,"},{"style":"q1","verse":"","text":"mbaa di sàng kenn;"},{"style":"q1","verse":"","text":"seenum ràbb ñaawtéef lay jur,"},{"style":"q1","verse":"","text":"seen loxo ya ko liggéey sabab fitna,"},{"style":"q1","verse":"","text":""},{"style":"v","verse":"7","text":"seeni tànk daw wuti lu bon,"},{"style":"q1","verse":"","text":"ñuy yàkkamtee tuur deretu jàmbur;"},{"style":"q1","verse":"","text":"seeni xalaat di ñaawtéef,"},{"style":"q1","verse":"","text":"yàquteek njaaxum féete ca seeni yoon."},{"style":"q1","verse":"","text":""},{"style":"v","verse":"8","text":"Yoonu jàmm, xamuñu ko,"},{"style":"q1","verse":"","text":"te yoon amul fa ñuy jaare,"},{"style":"q1","verse":"","text":"xanaa sàkk seen yoon yu lunk"},{"style":"q1","verse":"","text":"te ku fa awe doo daj jàmm."},{"style":"b","verse":"","text":""},{"style":"q1","verse":"","text":""},{"style":"v","verse":"9","text":"Lee tax yoon sore nu,"},{"style":"q1","verse":"","text":"te dëgg du nu dab."},{"style":"q1","verse":"","text":"Danuy yaakaar leer,"},{"style":"q1","verse":"","text":"lëndëm ne jaas,"},{"style":"q1","verse":"","text":"nuy séentuy ceeñeer,"},{"style":"q1","verse":"","text":"tey lëndëmtuy wéy."},{"style":"q1","verse":"","text":""},{"style":"v","verse":"10","text":"Nu ngi làmbatu ci biir tabax ni silmaxa,"},{"style":"q1","verse":"","text":"di tëñëx-tëñëxi ni ku amuli gët,"},{"style":"q1","verse":"","text":"di fakkastalu bëccëg ndarakàmm ni bu doon guddi,"},{"style":"q1","verse":"","text":"di dëkk ak ñu wér péŋŋ te mel ni ña dee."},{"style":"q1","verse":"","text":""},{"style":"v","verse":"11","text":"Nun ñépp a ngi xiiru ni rab wu aay,"},{"style":"q1","verse":"","text":"binnee binni niy xati,"},{"style":"q1","verse":"","text":"yaakaar yoon, yoon wuute,"},{"style":"q1","verse":"","text":"séentu wall, wall sore."},{"style":"q1","verse":"","text":""},{"style":"v","verse":"12","text":"Sunuy tooñ a bare fi sa kanam,"},{"style":"q1","verse":"","text":"sunuy moy a nu seedeel,"},{"style":"q1","verse":"","text":"sunuy tooñ a nu topp,"},{"style":"q1","verse":"","text":"te xam nanu xéll sunuy ñaawtéef."},{"style":"q1","verse":"","text":""},{"style":"v","verse":"13","text":"Noo tooñ Aji Sax ji, wor ko,"},{"style":"q1","verse":"","text":"te noo dëddoo sunu Yàlla jii,"},{"style":"q1","verse":"","text":"kàdduy fitna ak fippu,"},{"style":"q1","verse":"","text":"ak fen yu nu mébét, nas ko,"},{"style":"q1","verse":"","text":""},{"style":"v","verse":"14","text":"ba yoon dellu gannaaw,"},{"style":"q1","verse":"","text":"àtteb yoon dànd,"},{"style":"q1","verse":"","text":"dëgg fakkastaloo fa pénc ma,"},{"style":"q1","verse":"","text":"njub tëë agsi."},{"style":"q1","verse":"","text":""},{"style":"v","verse":"15","text":"Dëgg a tumurànke,"},{"style":"q1","verse":"","text":"ku dëddu mbon sax, ñu ñori la,"},{"style":"q1","verse":"","text":"Aji Sax ji gis ci, ñaawlu ko,"},{"style":"q1","verse":"","text":"ndax yoon a amul."},{"style":"q1","verse":"","text":""},{"style":"v","verse":"16","text":"Daa xool, gisul kenn;"},{"style":"q1","verse":"","text":"mu tiisoo li ci kenn jógul,"},{"style":"q1","verse":"","text":"moo tax loxoom may ko ndam,"},{"style":"q1","verse":"","text":"ci àtteem la sukkandikoo."},{"style":"q1","verse":"","text":""},{"style":"v","verse":"17","text":"Moo sol kiiraayal njub,"},{"style":"q1","verse":"","text":"mbaxanawoo mucc,"},{"style":"q1","verse":"","text":"solati yérey mbugale,"},{"style":"q1","verse":"","text":"sàngoo malaanum xéraange."},{"style":"q1","verse":"","text":""},{"style":"v","verse":"18","text":"Mooy delloo ku ne yool ba mu yelloo,"},{"style":"q1","verse":"","text":"mbugal ay bañam, fey ay noonam,"},{"style":"q1","verse":"","text":"ba delloo waa dun ya yool ba ñu yelloo."},{"style":"q1","verse":"","text":""},{"style":"v","verse":"19","text":"Dees na ragale turu Aji Sax ji fa sowu,"},{"style":"q1","verse":"","text":"ragale màggaayam ba penku."},{"style":"q1","verse":"","text":"Bu noon bi agsee ni walum dex,"},{"style":"q1","verse":"","text":"ngelawal Aji Sax jee koy wal, mu daw."},{"style":"q1","verse":"","text":""},{"style":"v","verse":"20","text":"«Ab \\w jotkat|jotkat b-:\\w* ay dikkal \\w Siyoŋ|Siyoŋ:\\w*,"},{"style":"q1","verse":"","text":"ba jot ñi tuub seeni bàkkaar ci askanu \\w Yanqóoba|Yanqóoba:\\w*.»"},{"style":"q1","verse":"","text":"Kàddug Aji Sax jee."},{"style":"q1","verse":"","text":""},{"style":"v","verse":"21","text":"«Man nag, lii mooy sama \\w kóllëreek|kóllëre g-:\\w* ñoom:"},{"style":"q1","verse":"","text":"sama xel mi tegu fi sa kaw,"},{"style":"q1","verse":"","text":"ak sama kàddu yi ma yeb ci sa gémmiñ,"},{"style":"q1","verse":"","text":"lenn du ci teqalikook sa gémmiñ"},{"style":"q1","verse":"","text":"ak sa gémmiñu askan,"},{"style":"q1","verse":"","text":"ak sa gémmiñu askanu askan, tey ak ëllëg.»"},{"style":"q1","verse":"","text":"Aji Sax jee ko wax."}]