[{"style":"s1","verse":"","text":"Ki Boroom bi fal dikk na"},{"style":"q1","verse":"","text":""},{"style":"v","verse":"1","text":"Noowug Boroom bi Aji Sax jaa ngi fi sama kaw,"},{"style":"q1","verse":"","text":"ndax Aji Sax jee ma diw\\f + \\fr 61.1 \\ft Baat bi ñu tekkee «diw», ci la baatub \\fq Almasi\\fq* jóge. Ab sarxalkat mbaa buur lañu daan diw, fale leen ko bala ñoo door seen liggéey.\\f*, fal ma"},{"style":"q1","verse":"","text":"ngir ma yégal néew-doole yi xibaaru jàmm."},{"style":"q1","verse":"","text":"Moo ma yebal ngir ma dëfal ñi seen xol jeex,"},{"style":"q1","verse":"","text":"yégal jaam yi seen goreel,"},{"style":"q1","verse":"","text":"yégal ñi ñu tëj seen ubbite."},{"style":"q1","verse":"","text":""},{"style":"v","verse":"2","text":"Moo ma yónni ngir ma yéene atum yiwu Aji Sax ji,"},{"style":"q1","verse":"","text":"ak at mu sunu Yàlla di mbugalee."},{"style":"q1","verse":"","text":"Moo ma yónni ngir dëfal ñiy ñaawlu ñépp,"},{"style":"q1","verse":"","text":""},{"style":"v","verse":"3","text":"ngir indil waa \\w Siyoŋ|Siyoŋ:\\w* ñiy ñaawlu"},{"style":"q1","verse":"","text":"ab kaala gu wuutu dóomu-taal,"},{"style":"q1","verse":"","text":"ak diwu mbégte mu ñu weccikoo seenu tiis,"},{"style":"q1","verse":"","text":"ak mbubbam cant mu ñu weccikoo xol bu jeex,"},{"style":"q1","verse":"","text":"ba ñu naa: «Ñii ñoo di ponkali garabi njubte yi,"},{"style":"q1","verse":"","text":"njëmbat li Aji Sax ji jëmbat,"},{"style":"q1","verse":"","text":"ngir teewal màggaayam.»"},{"style":"q1","verse":"","text":""},{"style":"v","verse":"4","text":"Ñooy tabaxaat gent ya woon,"},{"style":"q1","verse":"","text":"yékkati béreb ya tasoon bu yàgg,"},{"style":"q1","verse":"","text":"dekkal dëkk yu tas,"},{"style":"q1","verse":"","text":"béreb yu gental ay maasi maas."},{"style":"q1","verse":"","text":""},{"style":"v","verse":"5","text":"Ay gan ay dikk,"},{"style":"q1","verse":"","text":"di leen sàmmal seeni gétt,"},{"style":"q1","verse":"","text":"ay doomi doxandéem di leen beyali tool"},{"style":"q2","verse":"","text":"ak tóokëri reseñ."},{"style":"q1","verse":"","text":""},{"style":"v","verse":"6","text":"Yeen nag lees di woowe:"},{"style":"q1","verse":"","text":"«\\w Sarxalkati|sarxalkat b-:\\w* Aji Sax ji,»"},{"style":"q1","verse":"","text":"ñu naa: «Sunu jawriñi Yàlla yaa ngii!»"},{"style":"q1","verse":"","text":"Alali xeet yi, yeena koy lekk,"},{"style":"q1","verse":"","text":"di damoo seeni koom."},{"style":"q1","verse":"","text":""},{"style":"v","verse":"7","text":"Sama ñoñ ay weccikoo seen gàcce"},{"style":"q2","verse":"","text":"ñaari céri teraanga,"},{"style":"q1","verse":"","text":"sarxolley mbég di seen cér,"},{"style":"q2","verse":"","text":"wuutu toroxte."},{"style":"q1","verse":"","text":"Ñaari cér lañuy am ca seenum réew,"},{"style":"q1","verse":"","text":"mbégte mu sax ñeel leen."},{"style":"q1","verse":"","text":""},{"style":"v","verse":"8","text":"Man Aji Sax ji, damaa sopp yoon,"},{"style":"q1","verse":"","text":"bañ càcc ak ñaawtéef."},{"style":"q1","verse":"","text":"Maay dàmp sama ñoñ ni mu ware,"},{"style":"q1","verse":"","text":"fas ak ñoom \\w kóllëre|kóllëre g-:\\w* gu sax."},{"style":"q1","verse":"","text":""},{"style":"v","verse":"9","text":"Dees na xàmmee seen askan fi biir xeet yi,"},{"style":"q1","verse":"","text":"xàmmee lu meññe ci ñoom fi biir waaso yi;"},{"style":"q1","verse":"","text":"képp ku leen gis ràññee ne"},{"style":"q1","verse":"","text":"ñooy askan wu Aji Sax ji barkeel."},{"style":"s1","verse":"","text":"Almasi bi bége na mucc gi mu maye"},{"style":"q1","verse":"","text":""},{"style":"v","verse":"10","text":"Maa bég a bég ci Aji Sax ji,"},{"style":"q1","verse":"","text":"sama xol di sedd ci sama Yàlla jii."},{"style":"q1","verse":"","text":"Moo ma solal yérey mucc,"},{"style":"q1","verse":"","text":"sànge ma mbubbam ndam,"},{"style":"q1","verse":"","text":"may nirook boroom séet"},{"style":"q2","verse":"","text":"bu kaalawu ni sarxalkat,"},{"style":"q1","verse":"","text":"ne xenjaw ni séet bu takki gànjaram."},{"style":"q1","verse":"","text":""},{"style":"v","verse":"11","text":"Ni suuf di fettalem njebbit,"},{"style":"q1","verse":"","text":"ab tool di ko saxalem jiwu,"},{"style":"q1","verse":"","text":"ni la Boroom bi Aji Sax ji di jebbile"},{"style":"q2","verse":"","text":"dëgg ak cant,"},{"style":"q1","verse":"","text":"xeetoo xeet seede ko."}]