[{"style":"s1","verse":"","text":"Yerusalem mooy siggi, mucc"},{"style":"q1","verse":"","text":""},{"style":"v","verse":"1","text":"\\w Siyoŋ|Siyoŋ:\\w* a tax duma selaw,"},{"style":"q1","verse":"","text":"moom Yerusalem mi tax duma noppi,"},{"style":"q1","verse":"","text":"ba kera àtte dëggam leer ni ceeñeeru njël,"},{"style":"q1","verse":"","text":"muccam dikkal ko ni jum bu ne ràññ."},{"style":"q1","verse":"","text":""},{"style":"v","verse":"2","text":"Su boobaa xeet yi gis sag njub,"},{"style":"q1","verse":"","text":"buur yépp gis sa daraja,"},{"style":"q1","verse":"","text":"ba ñu di la tudde tur wu yees"},{"style":"q2","verse":"","text":"wu Aji Sax ji di tuddal boppam."},{"style":"q1","verse":"","text":""},{"style":"v","verse":"3","text":"Yaay doon kaalag teraanga"},{"style":"q2","verse":"","text":"ci loxol Aji Sax ji,"},{"style":"q1","verse":"","text":"yaay doon mbaxanam buur,"},{"style":"q2","verse":"","text":"ci sa biir loxol Yàlla jii."},{"style":"b","verse":"","text":""},{"style":"q1","verse":"","text":""},{"style":"v","verse":"4","text":"Deesatu la woowe «Dëkk bi ñu wacc,»"},{"style":"q1","verse":"","text":"deesatul woowe sam réew «Réew mu gental.»"},{"style":"q1","verse":"","text":"Xanaa ñu woowe la «Dëkk bi ma neex,»"},{"style":"q1","verse":"","text":"tey woowe sam réew «Boroom jëkkër,»"},{"style":"q1","verse":"","text":"ndax yaa neex Aji Sax ji,"},{"style":"q1","verse":"","text":"te sa réew mi dina am boroom kër."},{"style":"q1","verse":"","text":""},{"style":"v","verse":"5","text":"Ni xale bu góor di takke ab janq,"},{"style":"q1","verse":"","text":"ni la la sa doom yu góor di moome ni jëkkër\\f + \\fr 62.5 \\fk doom yu góor \\ft yi ñooy waa Yuda, te ñooy moom seen réew.\\f*;"},{"style":"q1","verse":"","text":"ni boroom séet di bégee ab séetam,"},{"style":"q1","verse":"","text":"ni la la sa Yàlla di bégee."},{"style":"b","verse":"","text":""},{"style":"q1","verse":"","text":""},{"style":"v","verse":"6","text":"Yerusalem, tabb naa ay wattukat"},{"style":"q2","verse":"","text":"ci sa kawi tata."},{"style":"q1","verse":"","text":"Buñu selaw, du guddi du bëccëg!"},{"style":"q1","verse":"","text":"Yeen ñiy soññ Aji Sax ji,"},{"style":"q1","verse":"","text":"buleen dallu."},{"style":"q1","verse":"","text":""},{"style":"v","verse":"7","text":"Buleen may Aji Sax ji fu mu dalloo,"},{"style":"q1","verse":"","text":"ba kera muy taxawalaat Yerusalem,"},{"style":"q1","verse":"","text":"ba def ko sababu cant fi kaw suuf."},{"style":"b","verse":"","text":""},{"style":"q1","verse":"","text":""},{"style":"v","verse":"8","text":"Aji Sax jee giñ lii ci ndijooram,"},{"style":"q1","verse":"","text":"giñ ko ci përëgam bi àttan,"},{"style":"q1","verse":"","text":"ne: «Dootuma joxe sam pepp,"},{"style":"q1","verse":"","text":"say noon dunde,"},{"style":"q1","verse":"","text":"te doomi doxandéem dootuñu naan"},{"style":"q2","verse":"","text":"sa biiñ bu bees"},{"style":"q2","verse":"","text":"bi nga ame saw ñaq."},{"style":"q1","verse":"","text":""},{"style":"v","verse":"9","text":"Ñi góob pepp mee koy lekk,"},{"style":"q1","verse":"","text":"di ko sante Aji Sax ji."},{"style":"q1","verse":"","text":"Ñi witt reseñ jeey naan biiñ bi"},{"style":"q1","verse":"","text":"fi sama biir ëtt bu \\w sell|sell:\\w*.»"},{"style":"q1","verse":"","text":""},{"style":"v","verse":"10","text":"Jàllsileen, jàllsileen bunti dëkk bi,"},{"style":"q1","verse":"","text":"nangeen xàll yoonu xeet wi;"},{"style":"q1","verse":"","text":"maasaleleenoo, maasaleleen ngér mi,"},{"style":"q1","verse":"","text":"dindi doj yi!"},{"style":"q1","verse":"","text":"Yékkatileen raaya ju askan yépp gis."},{"style":"q1","verse":"","text":""},{"style":"v","verse":"11","text":"Aji Sax jaa ngoog,"},{"style":"q1","verse":"","text":"yéene na lii ba ca cati àddina,"},{"style":"q1","verse":"","text":"mu ne: «Waxleen Siyoŋ dëkk bu taaru bi, ne ko:"},{"style":"q1","verse":"","text":"“Sab \\w jotkat|jotkat b-:\\w* a ngii di dikk!"},{"style":"q1","verse":"","text":"Mu ngii ànd akub yoolam,"},{"style":"q1","verse":"","text":"ñaqu liggéeyam jiitu ko.”"},{"style":"q1","verse":"","text":""},{"style":"v","verse":"12","text":"Dees na leen woowe “Askan wu sell wi,”"},{"style":"q1","verse":"","text":"“Ñi Aji Sax ji jot;”"},{"style":"q1","verse":"","text":"te yaw Yerusalem dees na la woowe “Ki ñu namm,”"},{"style":"q1","verse":"","text":"“Dëkk bi ñu waccul.”»"}]