[{"style":"ip","verse":"","text":"Téere bii moo indi kàdduy waxyu yu yonent Yàlla Sofoni jottali woon, jëme ci réewum Yuda, laata Babilon di tas réew ma. Booba waa Yuda dañoo dëddu Aji Sax ji, di jaamu ay yàlla yu dul dëgg. Rax ci dolli déggal Yàlla du woon lu leen amal solo, ndax booba koomu àddina moo leen jay, ba gisuñu njariñal tuub seeni bàkkaar."},{"style":"im","verse":"","text":"Ci tënk:"},{"style":"ili","verse":"","text":"1.1---2.3 Su bésub Aji Sax ji taxawee, Yuda day tas tasar."},{"style":"ili","verse":"","text":"2.4---3.8 Mbugal dëgmal na yeneen xeet yi, dëgmal Yerusalem."},{"style":"ili","verse":"","text":"3.9-20 Yuda dégg na digeb barke, ndax dinañu dellu ci Aji Sax ji."},{"style":"ie","verse":"","text":""}]