[{"style":"s1","verse":"","text":"Wooteb tuub jibal na waa Yuda"},{"style":"q1","verse":"","text":""},{"style":"v","verse":"1","text":"Yeen xeet wi dul rus, dajeleen a daje,"},{"style":"q1","verse":"","text":""},{"style":"v","verse":"2","text":"balaa dogal bee taxaw,"},{"style":"q1","verse":"","text":"bésub mbugal ne jaas ba wéy ni boob,"},{"style":"q1","verse":"","text":"bala leen tàngooru merum Aji Sax jee dikkal,"},{"style":"q1","verse":"","text":"bala leen bésub merum Aji Sax jee taxawal."},{"style":"q1","verse":"","text":""},{"style":"v","verse":"3","text":"Wutleen Aji Sax ji,"},{"style":"q1","verse":"","text":"mboolem yeen néew-dooley réew mi,"},{"style":"q1","verse":"","text":"yeen ñiy jëfe àttey yoonam,"},{"style":"q1","verse":"","text":"sàkkuleen njub te sàkkoo toroxlu,"},{"style":"q1","verse":"","text":"jombul ngeen yiiru, kera bésu merum Aji Sax ji."},{"style":"s1","verse":"","text":"Mbugal ñeel na xeet yu bare"},{"style":"q1","verse":"","text":""},{"style":"v","verse":"4","text":"Gasa dëkk ba lees di wacc,"},{"style":"q1","verse":"","text":"Askalon gental,"},{"style":"q1","verse":"","text":"Asdodd, digg bëccëg lees leen di buub, génne,"},{"style":"q1","verse":"","text":"te Ekkron\\f + \\fr 2.4 \\ft Dëkk yii, ay dëkki Filisti lañu woon, fa féete ak tefesu géej te dale bëj-gànnaar ba bëj-saalum.\\f* lees di déjjati."},{"style":"q1","verse":"","text":""},{"style":"v","verse":"5","text":"Wóoy ngalla yeen waa tefesu géej,"},{"style":"q1","verse":"","text":"yeen xeetu Keret\\f + \\fr 2.5 \\ft Ñooy waa Filisti, seen cosaan moo doon dun bi ñuy wax Keret.\\f*,"},{"style":"q1","verse":"","text":"kàddug Aji Sax ji dal na leen."},{"style":"q1","verse":"","text":"Yeen waa Kanaan, réewum Filisteen ñi,"},{"style":"q1","verse":"","text":"maa leen di sànk ba dungeen dese kenn\\f + \\fr 2.5 \\ft Mbugal mii moo sottal alkànde gi toppoon waa Kanaan. Seetal \\bk Njàlbéen ga\\bk* 9.25.\\f*,"},{"style":"q1","verse":"","text":""},{"style":"v","verse":"6","text":"tefesu géej doon àllub parlu,"},{"style":"q1","verse":"","text":"ak dëkkuwaayu sàmm seek gétt gi."},{"style":"q1","verse":"","text":""},{"style":"v","verse":"7","text":"Tefes ga, ndesu kër Yudaa koy moom\\f + \\fr 2.4-7 \\ft Réewum Kanaan mi la Yàlla digoon Ibraayma ne moom lay jox aw askanam. Seetal ci \\bk Njàlbéen ga\\bk* 12.6-7.\\f*,"},{"style":"q1","verse":"","text":"ñu di ca fore,"},{"style":"q1","verse":"","text":"bu ngoonee ñu tëri néegi Askalon."},{"style":"q1","verse":"","text":"Seen Yàlla Aji Sax jee leen di dikkal,"},{"style":"q1","verse":"","text":"tijji seen wërsëg."},{"style":"b","verse":"","text":""},{"style":"q1","verse":"","text":""},{"style":"v","verse":"8","text":"«Maa dégg ŋàññi Mowab,"},{"style":"q1","verse":"","text":"kàddu yu ñaaw yi Amoneen ñiy ŋàññe sama ñoñ,"},{"style":"q1","verse":"","text":"tey damu, nara nangu seen suuf."},{"style":"q1","verse":"","text":""},{"style":"v","verse":"9","text":"Moo tax, giñ naa ko ci man miy dund,»"},{"style":"q1","verse":"","text":"kàddug Aji Sax ju gàngoor yee, Yàllay Israayil,"},{"style":"q1","verse":"","text":"«Mowab déy ni dëkkub \\w Sodom|Sodom ak Gomor:\\w* lay mujje,"},{"style":"q1","verse":"","text":"Amoneen ñi mel ni Gomor,"},{"style":"q1","verse":"","text":"ay dég ak paxi xorom a koy nangu,"},{"style":"q1","verse":"","text":"mu gental ba fàww."},{"style":"q1","verse":"","text":"Sama ndesu ñoñ a leen di sëxëtoo,"},{"style":"q1","verse":"","text":"ndesu xeet wi ma séddoo moo leen di moom.»"},{"style":"q1","verse":"","text":""},{"style":"v","verse":"10","text":"Loolu lañuy yooloo seen reewande,"},{"style":"q1","verse":"","text":"nde ñoo doon ŋàññe aka damu"},{"style":"q1","verse":"","text":"ci kaw ñoñi Aji Sax ji Boroom gàngoor yi."},{"style":"q1","verse":"","text":""},{"style":"v","verse":"11","text":"Nu raglu la Aji Sax jiy dale ci seen kaw,"},{"style":"q1","verse":"","text":"te mooy ràggal yàllay àddina yépp,"},{"style":"q1","verse":"","text":"ba xeet yi di ko sujjóotale dunoo dun"},{"style":"q1","verse":"","text":"wu ci nekk ak fa nga fare."},{"style":"b","verse":"","text":""},{"style":"q1","verse":"","text":""},{"style":"v","verse":"12","text":"«Yeen waa \\w Kuus|Kuus:\\w* itam,"},{"style":"q1","verse":"","text":"yeen lees di faate sama saamar.»"},{"style":"b","verse":"","text":""},{"style":"q1","verse":"","text":""},{"style":"v","verse":"13","text":"Keey xàcc loxoom jëme bëj-gànnaar,"},{"style":"q1","verse":"","text":"keey sànk réewum Asiri,"},{"style":"q1","verse":"","text":"keey def Niniw ab gent bu wow ni màndiŋ."},{"style":"q1","verse":"","text":""},{"style":"v","verse":"14","text":"Ca digg dëkk ba la jur gay goore,"},{"style":"q1","verse":"","text":"ak xeetu rab wu nekk;"},{"style":"q1","verse":"","text":"looy aki saaw fanaane kaw jëni bunt ya,"},{"style":"q1","verse":"","text":"ay sab jibe ca palanteer ya,"},{"style":"q1","verse":"","text":"tojit ya dala jale ca bunt ya,"},{"style":"q1","verse":"","text":"xànqi seedar ya ne duŋŋ."},{"style":"q1","verse":"","text":""},{"style":"v","verse":"15","text":"Ana dëkk bu xumb ba dëkke woon kaaraange,"},{"style":"q1","verse":"","text":"te naan cim xelam: «Man rekk a, du keneen.»?"},{"style":"q1","verse":"","text":"Nan la doone nii ab gent,"},{"style":"q1","verse":"","text":"béreb bu rab yiy goore,"},{"style":"q1","verse":"","text":"mboolem ku fa jaare, muslu, ciipatu."}]