[{"style":"ip","verse":"","text":"Amos mi ñu jox téere bii aw turam, ag càmm ak liggéeyu toolu figg la féetewoo woon. Moonte moom la Yàlla woo, ngir yóbbante ko ay kàdduy waxyoom. Esayi ak Mise ak Ose bokk nañu ci ñi Amos bokkal jamono. Leneen lu mu bokk ak Ose moo di, li ëppoon ci xibaaram, ci réewum Israayil ma woon ca bëj-gànnaar la jëmoon, doonte mi ngi cosaanoo réewum Yuda ma féete bëj-saalum."},{"style":"im","verse":"","text":"Ci tënk:"},{"style":"ili","verse":"","text":"1.1---2.16 Mbugal ñeel na ay xeeti àddina."},{"style":"ili","verse":"","text":"3.1---6.14 Mbugal ñeel na Israayil."},{"style":"ili","verse":"","text":"7.1---9.10 Juróomi peeñu a ngi yégle ay mbugal."},{"style":"ili","verse":"","text":"9.11-15 Mbugal muy dëgmal weddiwul yaakaari ëllëg."},{"style":"ie","verse":"","text":""}]