[{"style":"mt1","text":"Amos"},{"style":"s1","verse":"","text":"Ubbite gi"},{"style":"p","verse":"","text":""},{"style":"v","verse":"1","text":"Kàdduy Amos a ngii, di boroom jur bu dëkkoon Tekowa\\f + \\fr 1.1 \\fk Tekowa \\ft sorewul Yerusalem. Ba bànni Israayil xàjjalikoo nekk ñaari réew gannaaw ba Buur Suleymaan nelawee, Tirca njëkkoon naa nekk péeyub réewum Israayil, Samari tegu ca; Yerusalem di péeyub réewum Yuda.\\f*. Mu am peeñu mu jëm ci Israayil ci janti Osiyas\\f + \\fr 1.1 \\fk Osiyas \\ft mooy Asaryaa itam.\\f* buurub Yuda ak janti doomu Yowas, Yerbowam buurub Israayil. Loolu tollu ci ñaari at lu jiitu yëngu-yëngu suuf ba."},{"style":"v","verse":"2","text":"Mu ne:"},{"style":"q1","verse":"","text":"\\w Aji Sax jeey|Aji Sax j-:\\w* yëmmoo fa \\w Siyoŋ|Siyoŋ:\\w*\\f + \\fr 1.2 \\fk Siyoŋ \\ft mooy tund wa kër Yàlla ga nekk ca Yerusalem. Daan nañu ko tudde it dëkku Yerusalem.\\f*,"},{"style":"q1","verse":"","text":"Yerusalem lay àddoo,"},{"style":"q1","verse":"","text":"parluy sàmm si ne faraas,"},{"style":"q1","verse":"","text":"mbooyum kaw tundu Karmel lax."},{"style":"ms","verse":"","text":"Aji Sax ji mbugal na xeet yi"},{"style":"mr","verse":"","text":"(Saar 1.3---2.16)"},{"style":"q1","verse":"","text":""},{"style":"v","verse":"3","text":"Aji Sax ji da ne:"},{"style":"q1","verse":"","text":"«Ñetti bàkkaar, su ma yeboo ne ñeent,"},{"style":"q1","verse":"","text":"laay sikke waa Damaas\\f + \\fr 1.3 \\fk Damaas \\ft mooy péeyub réewum Siri.\\f*,"},{"style":"q1","verse":"","text":"te duma fomm seeni duma."},{"style":"q1","verse":"","text":"Ñoo bàcce waa Galàdd bàccukaayi weñ."},{"style":"q1","verse":"","text":""},{"style":"v","verse":"4","text":"Maay yebal sawara seen waa kër Buur Asayel,"},{"style":"q1","verse":"","text":"mu xoyom taaxi Buur Ben Addàd."},{"style":"q1","verse":"","text":""},{"style":"v","verse":"5","text":"Maay dàjji bunti dëkkub Damaas,"},{"style":"q1","verse":"","text":"dagg waa xuru Awen\\f + \\fr 1.5 \\fk xuru Awen \\ft mooy tekki xuru Ñaawtéef.\\f*,"},{"style":"q1","verse":"","text":"boole ca boroom yetu nguur fa Bet Eden\\f + \\fr 1.5 \\fk Bet Eden \\ft mooy kërug Àjjana, muy tekki fii Kërug Xawaare.\\f*."},{"style":"q1","verse":"","text":"Waa Siri dugg ngàllo, dellu Kir\\f + \\fr 1.5 \\fk Kir \\ft la Arameen ñi cosaanoo. Gannaaw gi lañu sanci réewu Siri. Seetal ci 9.7.\\f*.»"},{"style":"q1","verse":"","text":"Aji Sax jee ko wax."},{"style":"b","verse":"","text":""},{"style":"q1","verse":"","text":""},{"style":"v","verse":"6","text":"Aji Sax ji nee:"},{"style":"q1","verse":"","text":"«Ñetti bàkkaar, su ma yeboo ne ñeent,"},{"style":"q1","verse":"","text":"laay sikke waa Gasa\\f + \\fr 1.6 \\fk Gasa, \\ft benn la ci juróomi dëkki Filisti yu mag; yeneen yi di Asdodd ak Askalon ak Ekkron ak Gaat. Seetal ci 6.2.\\f*,"},{"style":"q1","verse":"","text":"te duma fomm seeni duma."},{"style":"q1","verse":"","text":"Ñoo jàpp ba noppi gàddaayloo mbooloom lëmm,"},{"style":"q1","verse":"","text":"jalax leen ca Edomeen ña."},{"style":"q1","verse":"","text":""},{"style":"v","verse":"7","text":"Maay yebal sawara ca tatay Gasa,"},{"style":"q1","verse":"","text":"mu xoyom ay taaxam."},{"style":"q1","verse":"","text":""},{"style":"v","verse":"8","text":"Maay dagg waa Asdodd"},{"style":"q1","verse":"","text":"ak boroom yetu nguur fa Askalon,"},{"style":"q1","verse":"","text":"fél Ekkron,"},{"style":"q1","verse":"","text":"ndesu Filisteen ña sànku.»"},{"style":"q1","verse":"","text":"Boroom bi Aji Sax jee ko wax."},{"style":"b","verse":"","text":""},{"style":"q1","verse":"","text":""},{"style":"v","verse":"9","text":"Aji Sax ji nee:"},{"style":"q1","verse":"","text":"«Ñetti bàkkaar, su ma yeboo ne ñeent,"},{"style":"q1","verse":"","text":"laay sikke waa Tir\\f + \\fr 1.9 \\fk Tir \\ft dafa mel ni Sidon. Ay dëkk yu mag lañu woon ca réewum Fenisi.\\f*,"},{"style":"q1","verse":"","text":"te duma fomm seeni duma."},{"style":"q1","verse":"","text":"Am na mboolooy lëmm yu ñu gàddaayloo,"},{"style":"q1","verse":"","text":"te ñoom waa Tir jaay leen Edomeen ña,"},{"style":"q1","verse":"","text":"te sédduñu leen ci \\w kóllëreg|kóllëre g-:\\w* mbokk gi."},{"style":"q1","verse":"","text":""},{"style":"v","verse":"10","text":"Damay yebal sawara ca tatay Tir,"},{"style":"q1","verse":"","text":"mu xoyom ay tataam.»"},{"style":"b","verse":"","text":""},{"style":"q1","verse":"","text":""},{"style":"v","verse":"11","text":"Aji Sax ji nee:"},{"style":"q1","verse":"","text":"«Ñetti bàkkaar, su ma yeboo ne ñeent,"},{"style":"q1","verse":"","text":"laay sikke waa Edom\\f + \\fr 1.11 \\fk waa Edom \\ft ñaa nga bàyyikoo fa bëj-saalumu Yuda jàpp penku. Ñu ngi soqikoo ci Esawu, magu Yanqóoba, kon bokki Israayil lañu woon, waaye dañoo faroon ak nooni Israayil.\\f*,"},{"style":"q1","verse":"","text":"te duma fomm seeni duma."},{"style":"q1","verse":"","text":"Ñoo toppe seen bokki \\w bànni Israayil|bànni Israayil:\\w* saamar,"},{"style":"q1","verse":"","text":"jalax yërmande,"},{"style":"q1","verse":"","text":"mer mer mu dul meddi"},{"style":"q1","verse":"","text":"ak xadar ju dul giif mukk."},{"style":"q1","verse":"","text":""},{"style":"v","verse":"12","text":"Maay yebal sawara fa Teman,"},{"style":"q1","verse":"","text":"mu xoyomaale tatay Boccara\\f + \\fr 1.12 \\fk Teman \\ft ak \\fk Boccara, \\ft ay goxi Edom yu mag la woon. Boccara moo doon péeyu Edom.\\f*.»"},{"style":"b","verse":"","text":""},{"style":"q1","verse":"","text":""},{"style":"v","verse":"13","text":"Aji Sax ji nee:"},{"style":"q1","verse":"","text":"«Ñetti bàkkaar, su ma yeboo ne ñeent,"},{"style":"q1","verse":"","text":"laay sikke Amoneen\\f + \\fr 1.13 \\fk Amoneen \\ft ñu ngi soqikoo ci Lóot. Réew mi ñuy wax Yordani tey, ci lañu dëkkoon. \\f* ñi,"},{"style":"q1","verse":"","text":"te duma fomm seeni duma."},{"style":"q1","verse":"","text":"Ñoo butti ay jigéeni biir ca Galàdd,"},{"style":"q1","verse":"","text":"ba ñuy xare ngir yokk seen suuf."},{"style":"q1","verse":"","text":""},{"style":"v","verse":"14","text":"Maay jafal ca kaw tatay Raba\\f + \\fr 1.14 \\fk Raba, \\ft péeyu Amon la woon.\\f*,"},{"style":"q1","verse":"","text":"mu xoyom ay taaxam,"},{"style":"q1","verse":"","text":"yuux ya jib bésub xare,"},{"style":"q1","verse":"","text":"ci biir callweer bésub ngëlén."},{"style":"q1","verse":"","text":""},{"style":"v","verse":"15","text":"Seen buur lañuy jàpp, mu gàddaay,"},{"style":"q1","verse":"","text":"mooki kàngamam.»"},{"style":"q1","verse":"","text":"Aji Sax jee ko wax."}]