[{"style":"q1","verse":"","text":""},{"style":"v","verse":"1","text":"Aji Sax ji nee:"},{"style":"q1","verse":"","text":"«Ñetti bàkkaar, su ma yeboo ne ñeent,"},{"style":"q1","verse":"","text":"laay sikke waa Mowab,"},{"style":"q1","verse":"","text":"te duma fomm seeni duma."},{"style":"q1","verse":"","text":"Ñoo lakk yaxi buurub Edom, defub dóom."},{"style":"q1","verse":"","text":""},{"style":"v","verse":"2","text":"Maay yebal sawara réewum Mowab,"},{"style":"q1","verse":"","text":"mu xoyom tatay Keryot\\f + \\fr 2.2 \\fk Keryot, \\ft dëkku Mowab bu réy la woon.\\f*."},{"style":"q1","verse":"","text":"Mowab deewe biir riirum xare,"},{"style":"q1","verse":"","text":"yuux ak buftab xare jibandoo."},{"style":"q1","verse":"","text":""},{"style":"v","verse":"3","text":"Maay dagge fa seen biir seen njiit,"},{"style":"q1","verse":"","text":"booleeki kàngamam, bóom.»"},{"style":"q1","verse":"","text":"Aji Sax jee ko wax."},{"style":"b","verse":"","text":""},{"style":"q1","verse":"","text":""},{"style":"v","verse":"4","text":"Aji Sax ji nee:"},{"style":"q1","verse":"","text":"«Ñetti bàkkaar, su ma yeboo ne ñeent,"},{"style":"q1","verse":"","text":"laay sikke Yudeen ñi,"},{"style":"q1","verse":"","text":"te duma fomm seeni duma."},{"style":"q1","verse":"","text":"Ñoo gàntal sama yoon man, yoonu Aji Sax ji,"},{"style":"q1","verse":"","text":"te sàmmuñu sama dogali yoon."},{"style":"q1","verse":"","text":"Seen tuuri caaxaan"},{"style":"q2","verse":"","text":"ya seeni maam toppoon sànk na leen."},{"style":"q1","verse":"","text":""},{"style":"v","verse":"5","text":"Maay yebal sawara ci kaw Yudeen ñi,"},{"style":"q1","verse":"","text":"mu xoyom tatay Yerusalem.»"},{"style":"s1","verse":"","text":"Israayil a gëna yelloo mbugal"},{"style":"q1","verse":"","text":""},{"style":"v","verse":"6","text":"Aji Sax ji nee:"},{"style":"q1","verse":"","text":"«Ñetti bàkkaar, su ma yeboo ne ñeent,"},{"style":"q1","verse":"","text":"laay sikke Israayil,"},{"style":"q1","verse":"","text":"te duma fomm seeni duma."},{"style":"q1","verse":"","text":"Ñooy jaay jaam aji jub ngir xaalis bu mu leen ameel,"},{"style":"q1","verse":"","text":"jaay aji ndóol bu manul fey dàlli carax."},{"style":"q1","verse":"","text":""},{"style":"v","verse":"7","text":"Ñooy dëggaate néew-ji-doole ci pëndub suuf,"},{"style":"q1","verse":"","text":"di xañ way-ñàkk àqam."},{"style":"q1","verse":"","text":"Nit ak baayam di tëdde as ndaw,"},{"style":"q1","verse":"","text":"di teddadil sama tur wu sell."},{"style":"q1","verse":"","text":""},{"style":"v","verse":"8","text":"Yérey tayle yu ñu nangoo ci néew-ji-doole sax,"},{"style":"q1","verse":"","text":"ñu lal, ne ñàyy ci wetu mboolem \\w sarxalukaay|sarxalukaay b-:\\w*."},{"style":"q1","verse":"","text":"Ku leen ameel, ñu feyloo la biiñ,"},{"style":"q1","verse":"","text":"naan ca seen biir kër tuur ya."},{"style":"b","verse":"","text":""},{"style":"q1","verse":"","text":""},{"style":"v","verse":"9","text":"«Ndaxam maa leen reyaloon Amoreen"},{"style":"q1","verse":"","text":"ñu gudd ña te réy, mbete garab yu mag."},{"style":"q1","verse":"","text":"Ma boor doom ya,"},{"style":"q1","verse":"","text":"buur reen ya."},{"style":"q1","verse":"","text":""},{"style":"v","verse":"10","text":"Fekk yeen, ma génnee leen réewum Misra,"},{"style":"q1","verse":"","text":"jaarale leen màndiŋ ma diiru ñeent fukki at,"},{"style":"q1","verse":"","text":"ngir ngeen nanguji réewum Amoreen ñi."},{"style":"q1","verse":"","text":""},{"style":"v","verse":"11","text":"Maa tabboon ci seen doom yu góor ay yonent,"},{"style":"q1","verse":"","text":"tànne ci seen xale yu góor ay séddoo\\f + \\fr 2.11 \\fk séddoo \\ft yooyu, nasireen lañu leen di woowe, te dañu tere woona naan biiñ. Seetal ci \\bk Màndiŋ ma\\bk* saar 6.\\f*,"},{"style":"q1","verse":"","text":"---am déet, yeen \\w bànni Israayil|bànni Israayil:\\w*?»"},{"style":"q1","verse":"","text":"Kàddug Aji Sax jee. "},{"style":"q1","verse":"","text":""},{"style":"v","verse":"12","text":"«Yeen nag ngeen di naanloo samay séddoo biiñ."},{"style":"q1","verse":"","text":"Yonent yi, ngeen ne leen: “Buleen jottali kàdduy \\w waxyu|waxyu:\\w*!”"},{"style":"b","verse":"","text":""},{"style":"q1","verse":"","text":""},{"style":"v","verse":"13","text":"«Maa ngii di yëngal suuf si ngeen joggi,"},{"style":"q1","verse":"","text":"ni watiir wu fees aki sabaar di yëngale suuf."},{"style":"q1","verse":"","text":""},{"style":"v","verse":"14","text":"Rawtu dina réer ku gaaw,"},{"style":"q1","verse":"","text":"boroom doole du tala jariñoo dooleem,"},{"style":"q1","verse":"","text":"jàmbaar sax du mana rawale bakkanam."},{"style":"q1","verse":"","text":""},{"style":"v","verse":"15","text":"Fittkat du taxaw,"},{"style":"q1","verse":"","text":"mana daw du taxa raw."},{"style":"q1","verse":"","text":"Ab gawar it du rawale bakkanam."},{"style":"q1","verse":"","text":""},{"style":"v","verse":"16","text":"Bésub keroog, jàmbaar ju ëppu fit,"},{"style":"q1","verse":"","text":"duŋŋ lay def, di daw.»"},{"style":"q1","verse":"","text":"Kàddug Aji Sax jee. "}]