[{"style":"q1","verse":"","text":""},{"style":"v","verse":"1","text":"Dégluleen kàddu gii, yeen jigéeni tundu Samari,"},{"style":"q1","verse":"","text":"yeena ngi suur ni nagi diiwaanu Basan."},{"style":"q1","verse":"","text":"Yeen ñiy toroxal néew-ji-doole,"},{"style":"q1","verse":"","text":"di noot aji ñàkk"},{"style":"q1","verse":"","text":"te naan seeni jëkkër:"},{"style":"q1","verse":"","text":"«Indil ñoll waay, ñu naan!»"},{"style":"q1","verse":"","text":""},{"style":"v","verse":"2","text":"Boroom bi Aji Sax ji giñ na ci sellaayam"},{"style":"q1","verse":"","text":"ne: «Ay bés a ngii déy, di ñëw,"},{"style":"q1","verse":"","text":"dees na leen kor, yóbbu,"},{"style":"q1","verse":"","text":"ku nekk ci yeen koru niw jën,"},{"style":"q1","verse":"","text":""},{"style":"v","verse":"3","text":"ñu diri ko jaarale fu xar-xaru tata gëna jegee,"},{"style":"q1","verse":"","text":"sànni ko ca Armon\\f + \\fr 4.3 \\ft Fi ñu ne \\fk ca Armon \\ft manees na ne \\fqa yooni tundu Ermon.\\f*.»"},{"style":"q1","verse":"","text":"Kàddug Aji Sax jee. "},{"style":"b","verse":"","text":""},{"style":"q1","verse":"","text":""},{"style":"v","verse":"4","text":"Aji Sax ji nee:"},{"style":"q1","verse":"","text":"«Demleen Betel, bàkkaare fa,"},{"style":"q1","verse":"","text":"dem Gilgal\\f + \\fr 4.4 \\fk Betel \\ft ak \\fk Gilgal, \\ft ay bérebi jaamookaay lañu woon.\\f*, bàkkaareeti fa."},{"style":"q1","verse":"","text":"Rendileen seenub sarax ca ëllëg sa,"},{"style":"q1","verse":"","text":"joxe seen saraxi fukkeeli alal ca gannaaw ëllëg sa,"},{"style":"q1","verse":"","text":""},{"style":"v","verse":"5","text":"te ngeen lakk mburu, def ko \\w saraxu cant|Sarax yi:\\w*."},{"style":"q1","verse":"","text":"Yégleleen seen \\w saraxi yéene|Sarax yi:\\w* te siiwal ko, ndax dégg ngeen?"},{"style":"q1","verse":"","text":"Ndegam loolu ngeen namm, yeen bànni Israayil.»"},{"style":"q1","verse":"","text":"Kàddug Boroom bi Aji Sax jee."},{"style":"q1","verse":"","text":""},{"style":"v","verse":"6","text":"«Maa wéetal seeni biir seen dëkkoo dëkk,"},{"style":"q1","verse":"","text":"dugub ñàkke fépp fu ngeen moom,"},{"style":"q1","verse":"","text":"te taxul ngeen waññiku fi man.»"},{"style":"q1","verse":"","text":"Kàddug Aji Sax jee. "},{"style":"b","verse":"","text":""},{"style":"q1","verse":"","text":""},{"style":"v","verse":"7","text":"Mu ne: «Maa leen xañub taw"},{"style":"q1","verse":"","text":"bu leen may ngóob ci ñetti weer."},{"style":"q1","verse":"","text":"Ma taw ci bii dëkk,"},{"style":"q1","verse":"","text":"tawuma ca bee."},{"style":"q1","verse":"","text":"Wii waar tawlu,"},{"style":"q1","verse":"","text":"wee waar lax."},{"style":"q1","verse":"","text":""},{"style":"v","verse":"8","text":"Ñaari dëkk ba ñett di deek mar, wuti beneen,"},{"style":"q1","verse":"","text":"naane fa, te duñu màndi."},{"style":"q1","verse":"","text":"Taxul ba tey ngeen waññiku fi man.»"},{"style":"q1","verse":"","text":"Kàddug Aji Sax jee. "},{"style":"b","verse":"","text":""},{"style":"q1","verse":"","text":""},{"style":"v","verse":"9","text":"«Maa leen dumaa gub yu yàqu, di saxee saxe,"},{"style":"q1","verse":"","text":"wowal seeni tool aki tóokër,"},{"style":"q1","verse":"","text":"garabu figg ak oliw, njéeréer yi lekk."},{"style":"q1","verse":"","text":"Taxul ba tey ngeen waññiku fi man.»"},{"style":"q1","verse":"","text":"Kàddug Aji Sax jee. "},{"style":"b","verse":"","text":""},{"style":"q1","verse":"","text":""},{"style":"v","verse":"10","text":"«Maa leen yónnee mbas mu mel ni mu waa Misra."},{"style":"q1","verse":"","text":"Maa reylu seeni waxambaane ci xare,"},{"style":"q1","verse":"","text":"jàpplu seeni fas,"},{"style":"q1","verse":"","text":"gillil xetu néew ya ca seeni dal."},{"style":"q1","verse":"","text":"Taxul ba tey ngeen waññiku fi man.»"},{"style":"q1","verse":"","text":"Kàddug Aji Sax jee. "},{"style":"b","verse":"","text":""},{"style":"q1","verse":"","text":""},{"style":"v","verse":"11","text":"«Maa jàllarbi lenn ci yeen,"},{"style":"q1","verse":"","text":"na ma jàllarbee woon waa \\w Sodom|Sodom ak Gomor:\\w* ak Gomor\\f + \\fr 4.11 \\ft Seetal ci \\bk Njàlbéen ga\\bk* 19.1-29.\\f*."},{"style":"q1","verse":"","text":"Ngeen rëcce ca ni gillit"},{"style":"q1","verse":"","text":"gu ñu fëkke cib taal."},{"style":"q1","verse":"","text":"Taxul ba tey ngeen waññiku fi man.»"},{"style":"q1","verse":"","text":"Kàddug Aji Sax jee!"},{"style":"b","verse":"","text":""},{"style":"q1","verse":"","text":""},{"style":"v","verse":"12","text":"«Moo tax ma di leen def lii, yeen bànni Israayil."},{"style":"q1","verse":"","text":"Gannaaw lii laa leen di def nag,"},{"style":"q1","verse":"","text":"waajleena dajeek seen Yàlla, yeen bànni Israayil.»"},{"style":"b","verse":"","text":""},{"style":"q1","verse":"","text":""},{"style":"v","verse":"13","text":"Kii kat moo móol tund,"},{"style":"q1","verse":"","text":"di sàkk ngelaw,"},{"style":"q1","verse":"","text":"di xamal nit nammeelam."},{"style":"q1","verse":"","text":"Kee di soppi lëndëm ag leer,"},{"style":"q1","verse":"","text":"di daagoo kawte ya."},{"style":"q1","verse":"","text":"Kookoo di Aji Sax ji Boroom gàngoor yi."}]