[{"style":"s1","verse":"","text":"Peeñum juróomeel bi"},{"style":"p","verse":"","text":""},{"style":"v","verse":"1","text":"Ma gis nag Boroom bi, mu taxaw ca \\w sarxalukaay|sarxalukaay b-:\\w* ba. Mu ne:"},{"style":"q1","verse":"","text":"«Dóorleen ci kaw jëni kër Yàlla gi,"},{"style":"q1","verse":"","text":"ba kenu yi yëngu,"},{"style":"q1","verse":"","text":"te ngeen màbb ko ci kaw boppi ñépp;"},{"style":"q1","verse":"","text":"ña mucc, ma reylu ci xare."},{"style":"q1","verse":"","text":"Du kuy fëx ba rëcc,"},{"style":"q1","verse":"","text":"du kuy daw ba raw."},{"style":"q1","verse":"","text":""},{"style":"v","verse":"2","text":"Bu ñu bëttoon, ba biir njaniiw it,"},{"style":"q1","verse":"","text":"fa laa leen di yóotoo."},{"style":"q1","verse":"","text":"Ñu yéeg asamaan,"},{"style":"q1","verse":"","text":"ma wàccee leen fa."},{"style":"q1","verse":"","text":""},{"style":"v","verse":"3","text":"Bu ñu nëbbu woon kaw tundu Karmel it,"},{"style":"q1","verse":"","text":"fa laa leen di fekk, yóbbu."},{"style":"q1","verse":"","text":"Ñu làqoo ma ca taatu géej,"},{"style":"q1","verse":"","text":"ma sante fa jaani géej, mu màtt leen."},{"style":"q1","verse":"","text":""},{"style":"v","verse":"4","text":"Su ñu demee, diy jaam ñu seeni noon jiital,"},{"style":"q1","verse":"","text":"fa laay sante boroom saamar, mu bóom leen."},{"style":"q1","verse":"","text":"Du bëtu jàmm laa leen di xoole,"},{"style":"q1","verse":"","text":"bët bu aay laa leen di xoole moos!»"},{"style":"b","verse":"","text":""},{"style":"q1","verse":"","text":""},{"style":"v","verse":"5","text":"Boroom bi, Aji Sax ji Boroom gàngoori xare yi,"},{"style":"q1","verse":"","text":"kiy laal suuf, mu ne soyox seey,"},{"style":"q1","verse":"","text":"mboolem lu ci biiram di jooyoo;"},{"style":"q1","verse":"","text":"suuf fuddoondoo ni dexu Niil,"},{"style":"q1","verse":"","text":"dellu rës ni dexu Misra."},{"style":"q1","verse":"","text":""},{"style":"v","verse":"6","text":"Kee tabax kaw asamaan néegi biiram,"},{"style":"q1","verse":"","text":"samp xaddam, yiire suuf."},{"style":"q1","verse":"","text":"Keey woo walum géej,"},{"style":"q1","verse":"","text":"walal fi kaw suuf."},{"style":"q1","verse":"","text":"Kookoo di Aji Sax ji."},{"style":"s1","verse":"","text":"Mbugal yell na"},{"style":"q1","verse":"","text":""},{"style":"v","verse":"7","text":"«\\w Bànni Israayiloo|bànni Israayil:\\w*, xanaa du yeen ak waa \\w Kuus|Kuus:\\w* laa yemale?»"},{"style":"q1","verse":"","text":"Kàddug Aji Sax jee."},{"style":"q1","verse":"","text":"«Xanaa du ni ma leen génnee réewum Misra"},{"style":"q1","verse":"","text":"laa génnee Filisteen ñi réewum Keret\\f + \\fr 9.7 \\fk Keret \\ft ak Kaftor benn la.\\f*,"},{"style":"q1","verse":"","text":"génnee ni waa Siri réewum Kir?"},{"style":"q1","verse":"","text":""},{"style":"v","verse":"8","text":"Boroom bi, Aji Sax jaa ngi ne jàkk"},{"style":"q1","verse":"","text":"réewum bàkkaarkat mii."},{"style":"q1","verse":"","text":"Maa koy far ci kaw suuf,"},{"style":"q1","verse":"","text":"waaye ba tey duma far faraas waa kër \\w Yanqóoba|Yanqóoba:\\w*.»"},{"style":"q1","verse":"","text":"Kàddug Aji Sax jee."},{"style":"q1","verse":"","text":""},{"style":"v","verse":"9","text":"«Maa ngii déy di sant xeetoo xeet,"},{"style":"q1","verse":"","text":"ñu gësëm waa kër Israayil,"},{"style":"q1","verse":"","text":"ni ñuy gësëme tameb suuf,"},{"style":"q1","verse":"","text":"te doj du rot."},{"style":"q1","verse":"","text":""},{"style":"v","verse":"10","text":"Saamar ay rey mboolem sama bàkkaarkati mbooloo"},{"style":"q1","verse":"","text":"mi naan: “Yàlla du wacc musiba di nu jege,"},{"style":"q1","verse":"","text":"ba di nu dab.”"},{"style":"ms","verse":"","text":"Waa kër Buur Daawuda faluwaat nañu"},{"style":"mr","verse":"","text":"(Saar 9.11-15)"},{"style":"q1","verse":"","text":""},{"style":"v","verse":"11","text":"«Bésub keroog maay yékkati mbaarum Daawuda mi daanu,"},{"style":"q1","verse":"","text":"ba fattaat xar-xar yi,"},{"style":"q1","verse":"","text":"defaraat gent bi,"},{"style":"q1","verse":"","text":"tabaxaat ko na woon."},{"style":"q1","verse":"","text":""},{"style":"v","verse":"12","text":"Su boobaa \\w bànni Israayil|bànni Israayil:\\w* nangu ndesu Edom,"},{"style":"q1","verse":"","text":"ak mboolem suufi xeet yi ñu ma tudde woon.»"},{"style":"q1","verse":"","text":"Kàddug Aji Sax jee, te moom lay def."},{"style":"q1","verse":"","text":""},{"style":"v","verse":"13","text":"«Ay bés a ngii déy, di ñëw,»"},{"style":"q1","verse":"","text":"kàddug Aji Sax jee,"},{"style":"q1","verse":"","text":"«kuy gàbb dina dab kuy góob,"},{"style":"q1","verse":"","text":"kuy nal reseñ dab ka koy ji."},{"style":"q1","verse":"","text":"Biiñ bu bees di rogalaate ca tund yu mag ya,"},{"style":"q1","verse":"","text":"di wale tundoo tund wu ndaw."},{"style":"q1","verse":"","text":""},{"style":"v","verse":"14","text":"Maay tijji wërsëgu Israayil, sama ñoñ;"},{"style":"q1","verse":"","text":"ñu tabaxaat seeni gent, dëkke;"},{"style":"q1","verse":"","text":"jëmbat seen tóokëri reseñ,"},{"style":"q1","verse":"","text":"naan seen biiñ,"},{"style":"q1","verse":"","text":"bey ay tool,"},{"style":"q1","verse":"","text":"lekk ca meññeef ma."},{"style":"q1","verse":"","text":""},{"style":"v","verse":"15","text":"Maa leen di jëmbat fi seen suuf,"},{"style":"q1","verse":"","text":"te deesatu leen déjjatee fi seen suuf si ma leen jox.»"},{"style":"q1","verse":"","text":"Seen Yàlla, Aji Sax jee ko wax."}]