[{"style":"ip","verse":"","text":"Dañeel ak ay xaritam, ay xale yu góor yu ndaw lañu woon ba ñu leen gàddaayloo ñu dem Babilon. Njàngum xam-xam lañu fa doon def, ba mujj ñuy boroom daraja ca réew ma ak ca nguurug Pers ga ko yor. Ñu doon sàmm santaaney Yàlla, ba tax ñu fitnaal leen, ba teg leen sax àtteb dee, sànni leen ci puur bu tàng, tàbbil Dañeel ci paxum gaynde. Waaye Yàlla moo leen feye seen kóllëre, ba musal seen bakkan. Ñaareelu xaaju téere bi moo indi peeñu yi Dañeel amoon, te mu jëm ci xew-xewi ëllëg."},{"style":"im","verse":"","text":"Ci tënk:"},{"style":"ili","verse":"","text":"Saar 1---6 Lu jëm ci dundu Dañeel ca Babilon."},{"style":"ili","verse":"","text":"Saar 7---12 Dañeel am na peeñu yu jëm ci Yàlla ak mujug jamono."},{"style":"ie","verse":"","text":""}]