[{"style":"ip","verse":"","text":"\\bk Ngën-gi-woy\\bk* mooy téere bi firndeel ne mbëggeel gu dox diggante ñaar ñu seenub séy dagan, Yàlla gërëm na ko. Mooy li Yàlla cig mbaaxam tëraloon ca toolub Àjjana, diggante Aadama ak Awa."},{"style":"ip","verse":"","text":"Mbëggeel mooy jum bi Aji Sax ji taal te mooy xamb woy wii (8.6) Aji Sax ji cofeelu neen la, te moo sàkk séy. Mbëggeel, dara manu ko fey te kenn amul njëgam (8.7)."},{"style":"im","verse":"","text":"Ci tënk, manees na xàjjale woy wii juróom ñetti taalif, ci ni ñuy baamtuwaate baat yi."},{"style":"ili","verse":"","text":"1.1---2.7 Cofeel door na."},{"style":"ili","verse":"","text":"2.8-17 Wootante jib na."},{"style":"ili","verse":"","text":"3.1-5 Réeroo, gise."},{"style":"ili","verse":"","text":"3.6---5.1 Daagu, jëm toolu mbëggeel."},{"style":"ili","verse":"","text":"5.2---6.3 Xol jeex na, mujje neex."},{"style":"ili","verse":"","text":"6.4---7.10 Yaaka taaru."},{"style":"ili","verse":"","text":"7.11---8.4 Ayca ca tool ba."},{"style":"ili","verse":"","text":"8.5-14 Joxe naa xol."},{"style":"ie","verse":"","text":""}]