[{"style":"ip","verse":"","text":"Piyeer mi bind bataaxal bii, bokk na ci taalibe yi njëkk topp Yeesu. Mu ngi jëmale bataaxal bi ci gëmkat yi nekk ci diiwaan yi bokk ci réew mi ñuy wax Tirki tey. Dañoo nekk ci njàqare ndax li leen nit ñi di baatale, di leen fitnaal ndax seen ngëm ci Almasi bi. Piyeer mu ngi leen di ñaax ngir ñu déggal Yàlla, nangul njiit yi, te amlante ni mu gëna rafete ci seen biir njaboot, tey roy Yeesu mi daj coono lu metti ci lu dul dëgg. Seeni nattu dina dëgëral seen ngëm, te jox leen daraja bu Almasi bi délsee."},{"style":"im","verse":"","text":"Ci tënk:"},{"style":"ili","verse":"","text":"1.1-12 Yaakaar juy dund lanu am ci Almasi bi."},{"style":"ili","verse":"","text":"1.13---2.17 Nanu sell ci sunu kemtalaayu jëfin."},{"style":"ili","verse":"","text":"2.18-25 Nanu muñ coono, roye ko Almasi bi."},{"style":"ili","verse":"","text":"3.1—4.19 Nanu dund dundin wu rafet ci kanamu ñi leen sonal."},{"style":"ili","verse":"","text":"5.1-11 Na mag ñi sàmm mbooloo mi, ni ko Yàlla bëgge."},{"style":"ili","verse":"","text":"5.12-14 Piyeer tàggatoo na."},{"style":"ie","verse":"","text":""}]