[{"style":"s1","verse":"","text":"Musiba dal na Nadab ak Abiyu"},{"style":"p","verse":"","text":""},{"style":"v","verse":"1","text":"Ci kaw loolu doomi Aaróona yu góor yi tudd Nadab ak Abiyu jël ku ci nekk ab andam, def cay xal, def ca \\w cuuraay|cuuraay l-:\\w*, indil ko Aji Sax ji, muy taal bu dul ndigal te santu leen ko woon."},{"style":"v","verse":"2","text":"Sawara ne jippét, bawoo fi Aji Sax ji, lakk leen ba ñu dee fa kanam Aji Sax ji."},{"style":"v","verse":"3","text":"Musaa ne Aaróona: «Lii la Aji Sax ji doon wax ba mu nee: “Ci biir ñi may jegeñ laay feeñal samag sellaay, te ci kanam mbooloo mi mépp lees may terale.”» Aaróonaa nga ne cell."},{"style":"p","verse":"","text":""},{"style":"v","verse":"4","text":"Ba mu ko defee Musaa woolu Misayel ak Elcafan, góor ñiy doomi Usyel, baayu Aaróona bu ndaw. Mu ne leen: «Kaayleen jële fi seen bokk yii ci kanamu \\w xaymab ndaje|xaymab ndaje m-:\\w* bi, te ngeen génne leen dal bi.»"},{"style":"v","verse":"5","text":"Ñu jàpp ca seeni jàllaabi, génne leen dal ba, muy la Musaa santaane woon."},{"style":"v","verse":"6","text":"Musaa wax Aaróona ak doomam yu góor yi tudd Elasar ak Itamar ne leen: «Buleen njañu te buleen ñaawlu di xotti seeni yére, lu ko moy dingeen dee, te sànjum Yàlla dina dal ci kaw mbooloo mi mépp. Waaye seen bokki \\w bànni Israayil|bànni Israayil:\\w* gépp sañ nañoo jooy ñi Aji Sax ji lakk."},{"style":"v","verse":"7","text":"Bunt xaymab ndaje mi, buleen ko wees, lu ko moy dingeen dee, ndax diwu palu Aji Sax jaa ngi ci seen kaw.» Ñu def la leen Musaa sant."},{"style":"s1","verse":"","text":"Li war ci sarxalkat"},{"style":"p","verse":"","text":""},{"style":"v","verse":"8","text":"Aji Sax ji wax Aaróona itam ne ko:"},{"style":"v","verse":"9","text":"«Biiñ mbaa naan guy màndal bu ko kenn ci yeen naan buy duggsi ci biir \\w xaymab ndaje|xaymab ndaje m-:\\w* mi, du yaw, du say doom yu góor, lu ko moy dingeen dee. Dogal a ngoogu, di lu leen war fàww, yeen ak seen askan."},{"style":"v","verse":"10","text":"Dangeen wara mana ràññee lu \\w sell|sell:\\w* ak lu ñu sellalul, dangeen wara ràññee itam lu set ak lu setul."},{"style":"v","verse":"11","text":"Nangeen jàngal \\w bànni Israayil|bànni Israayil:\\w* mboolem dogal yi leen Aji Sax ji dénk, te Musaa jottali leen ko.»"},{"style":"p","verse":"","text":""},{"style":"v","verse":"12","text":"Ci kaw loolu Musaa wax ak Aaróona ak doomam yu góor yi des, di Elasar ak Itamar, ne leen: «Jëlleen \\w saraxu pepp|Sarax yi:\\w* mi des ci saraxi sawara yi ñeel Aji Sax ji, ngeen lekk ko, bañ cee boole lawiir, ci wetu \\w sarxalukaay|sarxalukaay b-:\\w* bi, ndax lu sella sell la."},{"style":"v","verse":"13","text":"Lekkleen ko ci béreb bu sell. Sa cér la, yaw ak say doom yu góor, ci saraxi sawara yi ñeel Aji Sax ji. Loolu lañu ma sant."},{"style":"v","verse":"14","text":"Waaye dënnu \\w saraxu yékkati-jébbale|Sarax yi:\\w* bi ak tànk bi ñu jébbal, lekkleen ko ci béreb bu mucc sobe, yaak say doom yu góor ak say doom yu jigéen, ndax seen cér la, ci saraxi canti bànni Israayil ci biir jàmm, nga moom ko yaak say doom."},{"style":"v","verse":"15","text":"Tànk bi ñu jébbal ak dënnu saraxu yékkati-jébbale bi, mook nebbon bi ñuy def saraxu sawara, dees koy boole indi yékkati ko, def ko sarax bu ñuy yékkati, jébbal Aji Sax ji. Yeena moom yooyu, yaak say doom, muy seen cér bu ñu leen dogalal fàww, te di la Aji Sax ji santaane woon.»"},{"style":"p","verse":"","text":""},{"style":"v","verse":"16","text":"Gannaaw loolu Musaa laajte, ba am lu leer ci mbirum sikketu \\w saraxas póotum bàkkaar|Sarax yi:\\w* bi, ndekete lakk nañu ko, ba mu dib dóom. Mu mere ca doomi Aaróona yu góor ya des, di Elasar ak Itamar, ne leen:"},{"style":"v","verse":"17","text":"«Lu waral lekkuleen sarax biy póotum bàkkaar ci béreb bu sell? Lu sella sell la, ñu jox leen ko, ngeen war koo yenniku bàkkaaru mbooloo mi, ba defal leen seen njotlaay fi kanam Aji Sax ji."},{"style":"v","verse":"18","text":"Gannaaw dugaleesul deret ji ca biir \\w néeg bu sell|néeg bu sell b-:\\w* ba, waroon ngeena lekk sikket bi ci béreb bu sell, muy li ma santaane woon.»"},{"style":"v","verse":"19","text":"Aaróona ne Musaa: «Xoolal rekk tey ni bànni Israayil indile Aji Sax ji seen saraxu póotum bàkkaar ak seen \\w saraxu rendi-dóomal|Sarax yi:\\w*, te teewul lii dal ci sama kaw! Bu ma lekkoon tey ci yàppu saraxas póotum bàkkaar bi, ndax dina neex Aji Sax ji?»"},{"style":"v","verse":"20","text":"Musaa dégg kàddu yooyu, rafetlu ko."}]