[{"style":"s1","verse":"","text":"Li war ci ku wasin"},{"style":"p","verse":"","text":""},{"style":"v","verse":"1","text":"Aji Sax ji wax na Musaa ne ko:"},{"style":"v","verse":"2","text":"«Waxal \\w bànni Israayil|bànni Israayil:\\w* ne leen: Ku ëmb ba wasin, am doom ju góor, dina sobewu diiru juróom ñaari fan. Day sobewu ni bu tolloo ci fan yi muy gis baax."},{"style":"v","verse":"3","text":"Bu bés ba délsee, nañu xarafal xale bi."},{"style":"v","verse":"4","text":"Dina ca teg fanweeri fan ak ñett, ngir setlu ca meret ma. Ci diir booba warula laal lenn lu ñu sellal, mbaa mu dem ca \\w xaymab ndaje|xaymab ndaje m-:\\w* ma li feek àppu setloom matul."},{"style":"v","verse":"5","text":"Su amee doom ju jigéen, dina sobewu diiru ñaari ayi bés, mu mel ni ku gis baax. Dina ca teg juróom benn fukki fan ak juróom benn, doora tàggook sobey meret ma."},{"style":"p","verse":"","text":""},{"style":"v","verse":"6","text":"«Keroog bu àppu setloom matee, bu doom ja dee góor, bu dee jigéen, na dem ca bunt xaymab ndaje ma te yóbbul \\w sarxalkat|sarxalkat b-:\\w* bi am kuuy mu am at, muy \\w saraxu rendi-dóomal|Sarax yi:\\w*, ak xati mu ndaw mbaa pitax, mu doon \\w saraxu póotum bàkkaar|Sarax yi:\\w*."},{"style":"v","verse":"7","text":"Na ko sarxalkat bi sarxal fi kanam Aji Sax ji, def ko njotlaayal wasin-bees wi, mu doora tàggook sobey meret ma.»"},{"style":"p","verse":"","text":"Loolu la yoon digle ci wasin-bees, mu am doom ju góor mbaa ju jigéen."},{"style":"v","verse":"8","text":"«Su fekkee ne wasin-bees wi amul njëgu kuuy, na indi ñaari pitax mbaa ñaari xati yu ndaw, benn bi di saraxu rendi-dóomal, bi ci des di saraxu póotum bàkkaar. Sarxalkat bi defal ko ku jigéen ki njotlaayam, mu daldi set.»"}]