[{"style":"s1","verse":"","text":"Lu jëm ci saraxu pepp"},{"style":"p","verse":"","text":""},{"style":"v","verse":"1","text":"«Bu nit dee indil Aji Sax ji \\w saraxu pepp|Sarax yi:\\w*, sunguf\\f + \\fr 2.1 \\ft Sungufu bele lay doon.\\f* su mucc ayib la saraxam wara doon, mu sotti ci diw, def ci \\w cuuraay|cuuraay l-:\\w*,"},{"style":"v","verse":"2","text":"te yót ko doomi Aaróona yu góor yiy \\w sarxalkat|sarxalkat b-:\\w* yi. Na sarxalkat bi sàkk barci-loxob sunguf su mucc ayib soosu ànd ak diw gi, te boole kook cuuraay li lépp. Na sarxalkat bi def cér boobu saraxu baaxantal, lakk ko ca kaw \\w sarxalukaay|sarxalukaay b-:\\w* ba, muy saraxu sawara ngir xetug jàmm, ñeel Aji Sax ji."},{"style":"v","verse":"3","text":"Li des ci saraxu pepp mi, Aaróona aki doomam ñoo koy féetewoo, muy cér bu \\w sella sell|sell:\\w*, bawoo ci saraxi sawara yi ñeel Aji Sax ji."},{"style":"p","verse":"","text":""},{"style":"v","verse":"4","text":"«Su dee sarxal lu ñu defare pepp, di lu ñu lakk cib taal ba mu ñor, na doon sunguf su mucc ayib, di mburu yu amul lawiir yu ñu xiiwaale diw, mbaa mburu yu sew yu amul lawiir, ñu sotti diw ca kawam."},{"style":"p","verse":"","text":""},{"style":"v","verse":"5","text":"«Bu saraxam dee lu ñu defare pepp, lakke ko ci saafukaayu weñ, na doon sunguf su mucc ayib su ñu xiiwaale diw te bumu am lawiir."},{"style":"v","verse":"6","text":"Na ko dammat te sotti diw ca kaw dog ya. Saraxu pepp la."},{"style":"p","verse":"","text":""},{"style":"v","verse":"7","text":"«Bu saraxam dee lu ñu defare pepp, di lu ñu saaf ci cin ba mu ñor, na doon sunguf su mucc ayib su ñu xiiwaale diw."},{"style":"p","verse":"","text":""},{"style":"v","verse":"8","text":"«Na yóbbul Aji Sax ji saraxu pepp su ñu defar ci tegtal yooyu, yót ko sarxalkat bi, mu yóbbu ko ca sarxalukaay ba."},{"style":"v","verse":"9","text":"Su ko defee sarxalkat bi génne ci saraxu pepp mi, ab saraxu baaxantal, daldi koy lakk ci kaw sarxalukaay bi, muy saraxu sawara ngir xetug jàmm, ñeel Aji Sax ji."},{"style":"v","verse":"10","text":"Li des ci saraxu pepp mi, Aaróona aki doomam ñoo koy féetewoo, muy cér bu sella sell, bawoo ci saraxi sawara yi ñeel Aji Sax ji."},{"style":"p","verse":"","text":""},{"style":"v","verse":"11","text":"«Du benn saraxu pepp bu ñuy defal Aji Sax ji muy am lawiir, ndax du lenn ci lawiir mbaa lem, lu ñu wara lakk, ngir saraxu sawara su ñeel Aji Sax ji."},{"style":"v","verse":"12","text":"\\w Saraxi ndoortel meññeef|Sarax yi:\\w* man naa ànd ak yooyu, waaye du bokk ci sarax su jëm ca sarxalukaay ba, ñu di ko taal, ngir xetug jàmm."},{"style":"v","verse":"13","text":"Seen mboolem saraxu pepp nangeen ko xorom. Bu seen saraxu pepp ñàkk mukk xorom, ndax mooy màndargaal seen \\w kóllëreek|kóllëre g-:\\w* seen Yàlla. Seen sarax yépp ngeen di xorom."},{"style":"p","verse":"","text":""},{"style":"v","verse":"14","text":"«Bu nit dee indil Aji Sax ji saraxu ndoortel meññeef, na ko indil mbool\\f + \\fr 2.14 \\ft Mboolum bele lay doon mbaa mboolum lors.\\f* mu ñu séndal, def ko sànqal, muy saraxu ndoortel meññeefam."},{"style":"v","verse":"15","text":"Na ci sotti diw ak cuuraay. Saraxu pepp la."},{"style":"v","verse":"16","text":"Na sarxalkat bi lakk lenn ci mbool mu mokk mi ànd ak diw, boole kook cuuraay li lépp, muy saraxu baaxantal, te di saraxu sawara ñeel Aji Sax ji."}]