[{"style":"ip","verse":"","text":"Juróomi woyi téere bii cosaan moomale Yeremi, ci lenn doŋŋ lay wax: tasteg Yerusalem gi ame ci congum gàngoorug Babilon, ci atum 586 lu jiitu Almasi bi."},{"style":"ip","verse":"","text":"Ci téere bii la nit ña mucce ca musibam Yuda ma di fàttalikoo xew-xew yu tiis ya ñu fa jànkoonteeloon, tey jéema xam lu waral loolu. Aji Sax ji wuutewul moos ak noonub ñoñam bi gëna aay, ci ni mu def ak ñoom. Moonte waa Yuda yooyu Babilon duma, nangu nañu ne ñoo def li waral mbugal mi. Waaye bàyyi nañu itam xel ne mbaaxug Aji Sax ji jeexul, te moo bare kóllëre (3.22-23)."},{"style":"im","verse":"","text":"Ci tënk:"},{"style":"ili","verse":"","text":"Saar 1 Yerusalem am naw tiis, gental na."},{"style":"ili","verse":"","text":"Saar 2 Sànjum Yàlla wàcc na ci Yerusalem ndax seen bàkkaar."},{"style":"ili","verse":"","text":"Saar 3 Yerusalem yaakaarul lu moy yërmandey Yàlla."},{"style":"ili","verse":"","text":"Saar 4 Darajay Yerusalem wonni, toroxteem teew."},{"style":"ili","verse":"","text":"Saar 5 Yerusalem ñaan na Aji Sax ji xettal."},{"style":"ie","verse":"","text":""}]