[{"style":"sp","verse":"","text":"Ku mucc xare wax na"},{"style":"q1","verse":"","text":""},{"style":"v","verse":"1","text":"Ndeysaan, wurus wa giim na!"},{"style":"q1","verse":"","text":"Ngëneelu wurus soppiku na."},{"style":"q1","verse":"","text":"Doj yu \\w sell|sell:\\w* yaa wasaaroo,"},{"style":"q1","verse":"","text":"ca boppu mbedd yépp."},{"style":"q1","verse":"","text":""},{"style":"v","verse":"2","text":"Doomi \\w Siyoŋ|Siyoŋ:\\w* yu góor yu jar ya!"},{"style":"q1","verse":"","text":"Wurus lees leen daan nàttablee,"},{"style":"q1","verse":"","text":"ndeysaan tey, ñu jàppe leen ni njaqu ban"},{"style":"q1","verse":"","text":"lu tabaxkatu njaq liggéeye loxoom."},{"style":"b","verse":"","text":""},{"style":"q1","verse":"","text":""},{"style":"v","verse":"3","text":"Ag till sax joxe na weenam,"},{"style":"q1","verse":"","text":"nàmpal doomam,"},{"style":"q1","verse":"","text":"te sama bokk yi mujj néeg"},{"style":"q1","verse":"","text":"ba mel ni bànjóolig màndiŋ."},{"style":"b","verse":"","text":""},{"style":"q1","verse":"","text":""},{"style":"v","verse":"4","text":"Luy nàmp a nga mar a mar,"},{"style":"q1","verse":"","text":"ba làmmiñ taqoo denqleñ."},{"style":"q1","verse":"","text":"Gone yaa ngi ñaan mburu,"},{"style":"q1","verse":"","text":"te kenn daggalu leen."},{"style":"b","verse":"","text":""},{"style":"q1","verse":"","text":""},{"style":"v","verse":"5","text":"Ñi daan xéewloo ay bernde,"},{"style":"q1","verse":"","text":"tey ñoo xiif, ne lasar ca mbedd ya."},{"style":"q1","verse":"","text":"Ña yaroo woon yérey tànnéef,"},{"style":"q1","verse":"","text":"tey ñoo goore jalu mbuubit."},{"style":"b","verse":"","text":""},{"style":"q1","verse":"","text":""},{"style":"v","verse":"6","text":"Sama ñaawtéefu askan wee màgg,"},{"style":"q1","verse":"","text":"ba raw ñaawtéefu waa \\w Sodom|Sodom ak Gomor:\\w*,"},{"style":"q1","verse":"","text":"dëkk ba jekki jàllarbiku,"},{"style":"q1","verse":"","text":"te loxo laalu ko."},{"style":"b","verse":"","text":""},{"style":"q1","verse":"","text":""},{"style":"v","verse":"7","text":"Sunu kàngam ya setoon wecc,"},{"style":"q1","verse":"","text":"seen yaram mucc gàkk,"},{"style":"q1","verse":"","text":"di lerxat bay tàkk,"},{"style":"q1","verse":"","text":"wér péŋŋ, leer nàññ."},{"style":"b","verse":"","text":""},{"style":"q1","verse":"","text":""},{"style":"v","verse":"8","text":"Tey ñu gëna lëndëm bànqanoos,"},{"style":"q1","verse":"","text":"xàmmeesu leen ci mbedd yi,"},{"style":"q1","verse":"","text":"ñu ngi lax, di yaxi neen,"},{"style":"q1","verse":"","text":"der wow koŋŋ ni matt!"},{"style":"b","verse":"","text":""},{"style":"q1","verse":"","text":""},{"style":"v","verse":"9","text":"Ña saamar rey a gënu demin"},{"style":"q1","verse":"","text":"ña deek xiif,"},{"style":"q1","verse":"","text":"jeex tàkk, ne lasar,"},{"style":"q1","verse":"","text":"ndax ñàkk meññatum tool."},{"style":"b","verse":"","text":""},{"style":"q1","verse":"","text":""},{"style":"v","verse":"10","text":"Ndey ak xolu njureelam,"},{"style":"q1","verse":"","text":"moo togge loxoom doomu boppam,"},{"style":"q1","verse":"","text":"def ko njëlam,"},{"style":"q1","verse":"","text":"ci sama biir toskareg askan wi!"},{"style":"b","verse":"","text":""},{"style":"q1","verse":"","text":""},{"style":"v","verse":"11","text":"Aji Sax jee xëpp am sànjam,"},{"style":"q1","verse":"","text":"sotti tàngooru meram,"},{"style":"q1","verse":"","text":"moo jafal sawara fi Siyoŋ,"},{"style":"q1","verse":"","text":"ba xoyom kenu ya."},{"style":"b","verse":"","text":""},{"style":"q1","verse":"","text":""},{"style":"v","verse":"12","text":"Du benn buur fi kaw suuf bu gëmoon,"},{"style":"q1","verse":"","text":"du kenn ci mboolem waa àddina"},{"style":"q1","verse":"","text":"kuy foog ne ab bañ mbaa noon dina dem"},{"style":"q1","verse":"","text":"ba bëtt bunti Yerusalem."},{"style":"b","verse":"","text":""},{"style":"q1","verse":"","text":""},{"style":"v","verse":"13","text":"Seen bàkkaari yonent yaa,"},{"style":"q1","verse":"","text":"seen ñaawtéefi \\w sarxalkat|sarxalkat b-:\\w* yaa;"},{"style":"q1","verse":"","text":"ñoo tuur fa digg dëkk ba"},{"style":"q1","verse":"","text":"deretu aji jub ñi."},{"style":"b","verse":"","text":""},{"style":"q1","verse":"","text":""},{"style":"v","verse":"14","text":"Ña ngay tëñëx-tëñëxi"},{"style":"q1","verse":"","text":"niy gumba ci mbedd yi,"},{"style":"q1","verse":"","text":"deret ja sobeel leen"},{"style":"q1","verse":"","text":"ba maneesula laal seeni yére."},{"style":"b","verse":"","text":""},{"style":"q1","verse":"","text":""},{"style":"v","verse":"15","text":"Ñoom lañuy gëdd naan:"},{"style":"q1","verse":"","text":"«Soreleen nu, nit ñu sobewu ñi!"},{"style":"q1","verse":"","text":"Soreleen, soreleen, buleen nu laal.»"},{"style":"q1","verse":"","text":"Ñu daw di tambaambalu ba ca yeneen xeet;"},{"style":"q1","verse":"","text":"ñooña ne leen: «Dootul fii!»"},{"style":"b","verse":"","text":""},{"style":"q1","verse":"","text":""},{"style":"v","verse":"16","text":"Aji Sax ji ci boppam moo leen tasaare,"},{"style":"q1","verse":"","text":"faaleetu leen;"},{"style":"q1","verse":"","text":"cér lees séddul sarxalkat,"},{"style":"q1","verse":"","text":"te teraleesul mag."},{"style":"sp","verse":"","text":"Waa Yerusalem àddu nañu"},{"style":"q1","verse":"","text":""},{"style":"v","verse":"17","text":"Ba tey sunu gët a ngi giim,"},{"style":"q1","verse":"","text":"ndax ndimbal lu nuy séentu ci dara."},{"style":"q1","verse":"","text":"Fa sunuy tata lanu séentoo wenn xeet"},{"style":"q1","verse":"","text":"wu nu manula wallu."},{"style":"b","verse":"","text":""},{"style":"q1","verse":"","text":""},{"style":"v","verse":"18","text":"Sunuy tànk lees di topp,"},{"style":"q1","verse":"","text":"ba manatunoo daagoo sunuy mbedd;"},{"style":"q1","verse":"","text":"sunu bés jege,"},{"style":"q1","verse":"","text":"sunu àpp di matal,"},{"style":"q1","verse":"","text":"sunu saa taxaw!"},{"style":"b","verse":"","text":""},{"style":"q1","verse":"","text":""},{"style":"v","verse":"19","text":"Ñi ñuy dàq a gëna gaaw ay jaxaay,"},{"style":"q1","verse":"","text":"ci kaw tund yi lañu nu ne dann,"},{"style":"q1","verse":"","text":"màndiŋ mi, ñu di nu fa tëroo."},{"style":"b","verse":"","text":""},{"style":"q1","verse":"","text":""},{"style":"v","verse":"20","text":"Ki nuy noyyee, Buur bi Aji Sax ji fal,"},{"style":"q1","verse":"","text":"ca seeni yeer la tance,"},{"style":"q1","verse":"","text":"te nu noon ci keppaaram"},{"style":"q1","verse":"","text":"lanuy dëkke fi digg xeet yi."},{"style":"sp","verse":"","text":"Yeremi àddu na"},{"style":"q1","verse":"","text":""},{"style":"v","verse":"21","text":"Bégleen te bànneexooy,"},{"style":"q1","verse":"","text":"Edom réew mu taaru mi, yeen Edomeen\\f + \\fr 4.21 \\fk Edomeen \\ft ñaa nga bàyyikoo fa bëj-saalumu Yuda jàpp penku. Ñu ngi soqikoo ci Esawu, magu Yanqóoba, kon bokki Israayil lañu woon, waaye dañoo faroon ak nooni Israayil.\\f* ñi dëkk réewum Ucc,"},{"style":"q1","verse":"","text":"ci yeen it la kaasu mbugal di jàllsi,"},{"style":"q1","verse":"","text":"ngeen màndi, futteeku, ne duŋŋ."},{"style":"b","verse":"","text":""},{"style":"q1","verse":"","text":""},{"style":"v","verse":"22","text":"Yaw \\w Siyoŋ|Siyoŋ:\\w*, dëkk bu taaru ba, sa mbugal mat na,"},{"style":"q1","verse":"","text":"deesatu la yóbbu ngàllo;"},{"style":"q1","verse":"","text":"yaw Edom laa ne,"},{"style":"q1","verse":"","text":"Aji Sax jee lay fey sa ñaawtéef,"},{"style":"q1","verse":"","text":"feeñal say bàkkaar."}]