[{"style":"ip","verse":"","text":"Ñaareelu téereb \\bk Jaar-jaar ya\\bk* moo wéyal nettalib démbi Israayil, bi dooroon ci \\bk 1.Jaar-jaar ya\\bk*. Téere bii moo indi ni nguurug Suleymaan ame woon daraja, di ci fésal li mu tabax kër Yàlla ga. Téere bi teg ci indi jëfi buuri Yuda yi wuutu Suleymaan, te gën cee biral yitte ji kenn ku nekk amoon ci mbiri askan wi, ci wàllu ngëm."},{"style":"ip","verse":"","text":"Meneen mbir mu ñu ci fàttali mooy tasteg Yerusalem, ak ngàllo ga Israayil mujje ca Babilon ga ñu leen toxaloon. Teewul téere bi tëje xew-xewu jàmm, te mooy ba Buur Sirus bu Pers yékkatee ab dogal bu yiwi bànni Israayil, may leen ñu saña ñibbi seenum réew."},{"style":"im","verse":"","text":"Ci tënk:"},{"style":"ili","verse":"","text":"1.1-17 Suleymaan ci ndoortel nguuram."},{"style":"ili","verse":"","text":"2.1---7.22 Lu jëm ci tabaxub kër Yàlla ga, ñu jagleele ko am xew."},{"style":"ili","verse":"","text":"8.1-18 Lu jëm ci darajay nguuru Suleymaan."},{"style":"ili","verse":"","text":"9.1-12 Lingeer buurub Seba gane na Suleymaan."},{"style":"ili","verse":"","text":"9.13-31 Lu jëm ci darajay Suleymaan ak deewam."},{"style":"ili","verse":"","text":"10.1---36.23 Lu jëm ci yeneen buuri Yuda yi."},{"style":"ie","verse":"","text":""}]