[{"style":"ip","verse":"","text":"Yowaan kenn la woon ci taalibey Yeesu. Yowaan moo nettali juróom ñaari kéemaan yu Yeesu def, te muy lu wees ay kéemaan, maanaam ay firnde yu wone kan mooy Yeesu ak li ko Yàlla yónni ngir mu def ko ci àddina."},{"style":"ip","verse":"","text":"Ni ñu ko daaje ca bant ba, moo sottal liggéey bu mag bi ko Yàlla dénk, te liggéey bi mooy baaxe nit ñi réer, di leen jéggal. Li Yonent Yàlla Yaxya wax rekk, moom «mooy Xarum Yàlla, miy far bàkkaaru àddina» (1.29)."},{"style":"im","verse":"","text":"Ci tënk:"},{"style":"ili","verse":"","text":"1.1-18 Kàddu gi moo ñëw ci àddina."},{"style":"ili","verse":"","text":"1.19-51 Yaxya yégle na ñëwug Yeesu, ba wonale ko ak taalibey Yeesu yu njëkk ya."},{"style":"ili","verse":"","text":"2.1—12.50 Yeesu wone na juróom ñaari firnde, jàngal na mbooloo."},{"style":"ili","verse":"","text":"13.1—19.42 Yeesoo ngii ci fanam yu mujj ci biir Yerusalem ak li ko wër."},{"style":"ili","verse":"","text":"20.1—21.25 Yeesu dekki na, ba feeñu ay taalibeem."},{"style":"ie","verse":"","text":""}]