[{"style":"s1","verse":"","text":"Yeesu dem na ca màggalu Mbaar ya"},{"style":"p","verse":"","text":""},{"style":"v","verse":"1","text":"Gannaaw loolu Yeesu diiwaanu Galile la doon wër. Bëggul woona doxe biir diiwaanu Yude, ndax njiiti Yawut ya ñoo ko doon wuta rey."},{"style":"p","verse":"","text":""},{"style":"v","verse":"2","text":"Ci biir loolu màggalu Yawut gi ñuy wax \\w Mbaar yi|Màggal yi:\\w*, jubsi."},{"style":"v","verse":"3","text":"Rakki Yeesu yu góor ya ne Yeesu: «Jógeel fii te dem diiwaanu Yude, ngir say taalibe, ñoom itam, gis jaloore yi ngay def."},{"style":"v","verse":"4","text":"Kenn du jëfe biir kumpa tey wuta feeñ. Gannaaw yaay def yii jaloore, wonal sa bopp àddina,»"},{"style":"v","verse":"5","text":"ndax booba ay rakkam sax gëmuñu ko woon."},{"style":"p","verse":"","text":""},{"style":"v","verse":"6","text":"Yeesu ne leen: «Sama waxtu jotagul; yeen nag, seen waxtu bopp, bés bu nekk la."},{"style":"v","verse":"7","text":"Àddina du leen mana bañ, waaye man la bañ, ndax maa koy seedeel ne ay jëfam dafa bon."},{"style":"v","verse":"8","text":"Yeen nag demleen màggal ga, man demuma ca màggal googu, ndax sama waxtu jotagul.»"},{"style":"v","verse":"9","text":"Loolu la leen wax, daldi des ca Galile."},{"style":"p","verse":"","text":""},{"style":"v","verse":"10","text":"Teewul ba rakki Yeesu demee ca màggal ga, Yeesu itam dem na ca, waaye siiwalul aw yoonam, daanaka daa làqu."},{"style":"v","verse":"11","text":"Yawut ya nag di ko seet, naan: «Ana waa ji?»"},{"style":"v","verse":"12","text":"Ci kaw loolu déeyoo bi ci mbiram bare ca mbooloo ma. Ñii naan: «Nit ku baax la.» Ñee naan: «Déedéet, day naxe.»"},{"style":"v","verse":"13","text":"Waaye taxul kenn waxe mbiram ca kaw, ndax ragal njiiti Yawut ya."},{"style":"s1","verse":"","text":"Yeesu jàngale na ca màggal ga"},{"style":"p","verse":"","text":""},{"style":"v","verse":"14","text":"Ba ñu demee ba ca diggu màggal ga, Yeesu dem ca kër Yàlla ga, di jàngale."},{"style":"v","verse":"15","text":"Yawut ya jaaxle, naan: «Kii nu mu ame bii xam-xam te jàngul?»"},{"style":"p","verse":"","text":""},{"style":"v","verse":"16","text":"Yeesu daldi leen wax ne leen: «Li may jàngale, moomuma ko, ki ma yebal a ko moom."},{"style":"v","verse":"17","text":"Ku namma jëfe coobarey Yàlla, dina xam ndax li may jàngale ci Yàlla la jóge, am ci sama coobarey bopp laay waxe."},{"style":"v","verse":"18","text":"Kiy wax ci coobarey boppam nag, darajay boppam lay sàkku, waaye ki bëgga fésal darajay ki ko yónni, kooku ku dëggu lay doon, te ag njubadi du nekk ci moom."},{"style":"v","verse":"19","text":"Xanaa du Musaa moo leen jox ndigali yoon wi? Ndaxam kenn ci yeen jëfewul yoon wi! Ana lu ngeen may wuta rey?»"},{"style":"v","verse":"20","text":"Mbooloo ma ne ko: «Yaw rab a la jàpp! Ku lay wuta rey?»"},{"style":"p","verse":"","text":""},{"style":"v","verse":"21","text":"Yeesu ne leen: «Jenn jaloore doŋŋ laa def, yeen ñépp ngeen waaru!"},{"style":"v","verse":"22","text":"Ndigalu xarafal gi leen Musaa jox, doonte jógewul ci Musaa, waaye cay maam la ba tey, tax na ngeen di xarafale ci \\w bésub Noflaay|bésub Noflaay b-:\\w* sax."},{"style":"v","verse":"23","text":"Gannaaw nit ay xaraf ci bésub Noflaay, ngir yoonu Musaa baña tebbiku, ana lu ngeen ma meree ndax nit ku ma wéral péŋŋ ci bésub Noflaay?"},{"style":"v","verse":"24","text":"Bàyyileen di àttee li leen seen bët may, deeleen àttee dëgg.»"},{"style":"s1","verse":"","text":"Ndax Yeesu mooy Almasi bi?"},{"style":"p","verse":"","text":""},{"style":"v","verse":"25","text":"Ci kaw loolu ñenn ci waa Yerusalem naan: «Xanaa du kii lees di wuta rey?"},{"style":"v","verse":"26","text":"Te mu ngii ne fàŋŋ di waare, te waxuñu ko dara. Xanaa sunu kilifa yi dañoo xam ne kii mooy \\w Almasi|Almasi b-:\\w* bi?"},{"style":"v","verse":"27","text":"Moonte kii, xam nanu fu mu bokk, te su Almasi bi dikkee, kenn du xam fu mu bokk.»"},{"style":"p","verse":"","text":""},{"style":"v","verse":"28","text":"Ci kaw loolu Yeesu di jàngale ca kër Yàlla ga, daldi biral ne: «Kon xam ngeen ma, xam fi ma bokk? Ndaxam du ci sama coobarey bopp laa dikke, te ki ma yónni, ku wóor la. Yeen nag xamuleen ko."},{"style":"v","verse":"29","text":"Man maa ko xam, ndax ci moom laa bàyyikoo, te moom moo ma yebal.»"},{"style":"p","verse":"","text":""},{"style":"v","verse":"30","text":"Ba mu ko defee ñu di ko wuta jàpp, waaye kenn tegu ko loxo, ndax waxtoom moo jotagul woon."},{"style":"v","verse":"31","text":"Teewul ñu bare ca mbooloo ma gëm ko, te naan: «Almasi bi sax, bu dikkee, ndax dina def firnde yu ëpp firnde yi nit kii def?»"},{"style":"v","verse":"32","text":"\\w Farisen|Farisen y-:\\w* ya dégg loola mbooloo may déeyoo ci mbirum Yeesu. \\w Sarxalkat|sarxalkat b-:\\w* yu mag ya ak Farisen ya daldi yebal ay wattukati kër Yàlla ga, ngir ñu jàppi ko."},{"style":"p","verse":"","text":""},{"style":"v","verse":"33","text":"Yeesu nag ne: «Diir bu gàtt laay toogaat ak yeen, doora dem ca ki ma yónni."},{"style":"v","verse":"34","text":"Dingeen ma seet, waaye dungeen ma gis; te man fa may nekk, yeen, dungeen fa mana dem.»"},{"style":"p","verse":"","text":""},{"style":"v","verse":"35","text":"Yawut ya naan ca seen biir: «Kii fu muy waaja jëm, fu ñu ko dul gise? Xanaa ca Yawut ya dëkki ca jàmbur ña? Xanaa jàmbur ña lay jàngali?"},{"style":"v","verse":"36","text":"Ak luy tekkitel kàddu gii mu wax, ne: “Dingeen ma seet, waaye dungeen ma gis; te man fa may nekk, yeen dungeen fa mana dem?”»"},{"style":"p","verse":"","text":""},{"style":"v","verse":"37","text":"Bés ba mujj ca màggal ga nag moo ca gënoona màgg. Keroog la Yeesu taxaw, àddu ca kaw ne: «Ku mar, na ñëw ci man, naan;"},{"style":"v","verse":"38","text":"ku ma gëm, ay dex ay balle cib dënnam, di wal ndox muy dund! Te noonu la ko Mbind mi indee.»"},{"style":"v","verse":"39","text":"Booba \\w Noowug Yàlla|Noo gu Sell g-:\\w* la doon wax, Noo ga gëmkati Yeesu doon waaja jot, te jotaguñu ko woon, ndax booba, Yeesoo tàbbeegul woon ci teraangaam."},{"style":"p","verse":"","text":""},{"style":"v","verse":"40","text":"Ba ñenn ca mbooloo ma déggee kàddu yooyu, dañu ne: «Aylayéwén kii mooy Yonent bi.»"},{"style":"v","verse":"41","text":"Ñeneen naan: «Kii mooy Almasi bi!» Teewul mu am ñu naan: «Galile, nu fa Almasi biy jógee?"},{"style":"v","verse":"42","text":"Du Mbind mi moo wax ne, Almasi bi ci xeetu \\w Daawuda|Daawuda:\\w* lay soqikoo, ca Betleyem, dëkk ba Daawuda fekk baax\\f + \\fr 7.42 \\ft Seetal ci \\bk Mise\\bk* 5.1; \\bk Taalifi cant\\bk* 89.4-5.\\f*?»"},{"style":"v","verse":"43","text":"Féewaloo nag am ca mbooloo ma ndax Yeesu."},{"style":"v","verse":"44","text":"Ñenn ca ñoom bëggoon nañu koo jàpp, waaye kenn tegu ko loxo."},{"style":"s1","verse":"","text":"Njiiti Yawut yi gëmuñu Yeesu"},{"style":"p","verse":"","text":""},{"style":"v","verse":"45","text":"Ba loolu amee wattukat ya dellu ca \\w sarxalkat|sarxalkat b-:\\w* yu mag ya ak \\w Farisen|Farisen y-:\\w* ya. Ñooñu ne leen: «Lu tax indiwuleen ko?»"},{"style":"v","verse":"46","text":"Wattukat ya ne leen: «Nit masula waxe ni kii!»"},{"style":"v","verse":"47","text":"Farisen ya ne leen: «Kon yeen itam nax nañu leen a?"},{"style":"v","verse":"48","text":"Ndax yeena gis ci njiit yi mbaa ci Farisen yi, kenn ku ko gëm?"},{"style":"v","verse":"49","text":"Xanaa mbooloo mii xamul yoonu Musaa, te ñu alku lañu!»"},{"style":"p","verse":"","text":""},{"style":"v","verse":"50","text":"Nikodem bokk na ca Farisen ya fa nekkoon, te demoon na seeti Yeesu lu jiitu loolu. Mu ne leen:"},{"style":"v","verse":"51","text":"«Sunuw yoon ndax dina daan nit te njëkkeesu koo déglu, boole ci xam lu mu def?»"},{"style":"v","verse":"52","text":"Ñu ne ko: «Xanaa yaw itam ci diiwaanu Galile nga bokk? Gëstul, kon dinga xam ne Galile, ab yonent du fa feeñe.»"},{"style":"p","verse":"","text":""},{"style":"v","verse":"53","text":"Ba loolu amee ku nekk ñibbi këram."}]