[{"style":"ip","verse":"","text":"Abakug, janti Yuda yi mujj bala ñoo daanu ci atum 586 lu jiitu Almasi bi, ci loxol Babilon, ci la doon waare. Téere bii waxtaan la wu mu am ak Yàlla, waxtaan wuy firndeel ne Yàlla nangu na nu diis ko sunuy xel ñaar. Li mu bëgga xam mooy su dee Yàlla am na, lu waral ñu bon ñi di baaxle?"},{"style":"im","verse":"","text":"Ci tënk:"},{"style":"ili","verse":"","text":"1.1-11 Abakug laaj na: Lu waral Yàlla di bàyyi Yuda muy bàkkaar? Yàlla tontu na."},{"style":"ili","verse":"","text":"1.12---2.20 Abakug laaj na: Nan la Yàlla mana jëfandikoo Babilon ngir mbugal Yuda? Yàlla tontu na."},{"style":"ili","verse":"","text":"3.1-19 Abakug màggal na Yàlla."},{"style":"ie","verse":"","text":""}]