[{"style":"s1","verse":"","text":"Abakug ñaan na ci Yàlla"},{"style":"p","verse":"","text":""},{"style":"v","verse":"1","text":"Ñaanu Yonent Yàlla Abakug a ngii, galanu woy wi di galanu njàmbat."},{"style":"q1","verse":"","text":""},{"style":"v","verse":"2","text":"Éy Aji Sax ji, maa dégg sab jëw,"},{"style":"q1","verse":"","text":"Aji Sax ji maa yéemu ci sa jaloore!"},{"style":"q1","verse":"","text":"Ngalla yeesalal say jaloore, nu fekke,"},{"style":"q1","verse":"","text":"xamleel say jaloore, nu fekke,"},{"style":"q1","verse":"","text":"bu la am sànj teree geesu, yërëm."},{"style":"b","verse":"","text":""},{"style":"q1","verse":"","text":""},{"style":"v","verse":"3","text":"Yàllaa ngi jóge Teman,"},{"style":"q1","verse":"","text":"\\w Aji Sell|Aji Sell j-:\\w* ji foofa ca tundu Paran\\f + \\fr 3.3 \\fk Teman \\ft ak \\fk Paran, \\ft ay gox lañu yu féeteek fa Yàlla bawoo tundu Sinayi, jëmsi Israayil.\\f* lay bawoo. \\qs \\+w Selaw|selaw:\\+w*.\\qs*"},{"style":"q1","verse":"","text":"Darajaam moo dajal asamaan,"},{"style":"q1","verse":"","text":"cant bi ko ñeel fees kaw suuf."},{"style":"q1","verse":"","text":""},{"style":"v","verse":"4","text":"Kee di leer gu ne ràññ,"},{"style":"q1","verse":"","text":"ay ceeñeer fettaxe ci loxoom,"},{"style":"q1","verse":"","text":"te fa la dooleem làqe."},{"style":"q1","verse":"","text":""},{"style":"v","verse":"5","text":"Mbas moo dox, jiitu ko,"},{"style":"q1","verse":"","text":"jàngoro topp ciy tànkam."},{"style":"q1","verse":"","text":""},{"style":"v","verse":"6","text":"Kee taxaw, yëngal suuf;"},{"style":"q1","verse":"","text":"kee xoole, loxloo xeet yi,"},{"style":"q1","verse":"","text":"tund yu mag ya woon naka jekk rajaxoo,"},{"style":"q1","verse":"","text":"tundi cosaan yu ndaw ya maasaloo."},{"style":"q1","verse":"","text":"Kii moo moom yooni cosaan yi."},{"style":"q1","verse":"","text":""},{"style":"v","verse":"7","text":"Njàqare laa gis ca xaymay Kusan,"},{"style":"q1","verse":"","text":"te ndimoy xaymay waa Majan\\f + \\fr 3.7 \\fk Kusan \\ft ak \\fk Majan, \\ft ay mbooloo yu dëkke ay xayma lañu, ci màndiŋu Sinayi.\\f* yëngu na."},{"style":"b","verse":"","text":""},{"style":"q1","verse":"","text":""},{"style":"v","verse":"8","text":"Aji Sax ji, dex yi nga sànjul?"},{"style":"q1","verse":"","text":"Am dex yi nga mere?"},{"style":"q1","verse":"","text":"Am géej nga sàmbaaral,"},{"style":"q1","verse":"","text":"ba war say fas,"},{"style":"q1","verse":"","text":"dawal sa watiiri dawal-daan?"},{"style":"q1","verse":"","text":""},{"style":"v","verse":"9","text":"Yaa génne sa xala mbaram,"},{"style":"q1","verse":"","text":"feesal sa mbuusum fitt. \\qs Selaw.\\qs*"},{"style":"q1","verse":"","text":"Yaa xare suuf ay dex."},{"style":"q1","verse":"","text":""},{"style":"v","verse":"10","text":"Tund yi gis la, jaayu;"},{"style":"q1","verse":"","text":"waame wàcc, wéy;"},{"style":"q1","verse":"","text":"xóote ya riir,"},{"style":"q1","verse":"","text":"gannaxam ya jolli fa kaw."},{"style":"q1","verse":"","text":""},{"style":"v","verse":"11","text":"Jant ak weer ne tekk fa seen màkkaan,"},{"style":"q1","verse":"","text":"janook sa leeru fitt yi soqi,"},{"style":"q1","verse":"","text":"ak melax gi tàkke ci sab xeej."},{"style":"q1","verse":"","text":""},{"style":"v","verse":"12","text":"Am sànj nga daagoo fi kaw suuf,"},{"style":"q1","verse":"","text":"mer nga dëggaatee xeet yi."},{"style":"q1","verse":"","text":""},{"style":"v","verse":"13","text":"Yaa génn ngir wallusi sa ñoñ,"},{"style":"q1","verse":"","text":"wallusi ki nga fal."},{"style":"q1","verse":"","text":"Yaa rajaxe puju néegu ku bon ki,"},{"style":"q1","verse":"","text":"xar ko ñaar, geen ba ci put. \\qs Selaw. \\qs*"},{"style":"q1","verse":"","text":""},{"style":"v","verse":"14","text":"Ba noon ya riddeendoo, di nu tasaaresi,"},{"style":"q1","verse":"","text":"seen xeeju bopp nga bëtte seen bopp,"},{"style":"q1","verse":"","text":"fekk leen ñuy xaxaloo, ni ñuy waaja sëxëtoo"},{"style":"q1","verse":"","text":"ay néew-ji-doole, fu kenn yégul."},{"style":"q1","verse":"","text":""},{"style":"v","verse":"15","text":"Yaa jaabal say fas biir géej,"},{"style":"q1","verse":"","text":"yëngal mbàmbulaan ma."},{"style":"b","verse":"","text":""},{"style":"q1","verse":"","text":""},{"style":"v","verse":"16","text":"Ba ma ca déggee, samay butit a yëngu,"},{"style":"q1","verse":"","text":"coow la tax samay tuñ di lox,"},{"style":"q1","verse":"","text":"sama yaram dee goyy,"},{"style":"q1","verse":"","text":"may lox fi ma taxaw,"},{"style":"q1","verse":"","text":"te ne cell, di séentu bésub njàqare,"},{"style":"q1","verse":"","text":"bay dikkal xeet wi nu song."},{"style":"q1","verse":"","text":""},{"style":"v","verse":"17","text":"Ndaxam garabu figg meññul,"},{"style":"q1","verse":"","text":"doomu reseñ amul ca ndeyam,"},{"style":"q1","verse":"","text":"njurum garabu oliw àntuwul,"},{"style":"q1","verse":"","text":"tool yi meññul aw ñam,"},{"style":"q1","verse":"","text":"gàtt it tukkee na ca gétt ga,"},{"style":"q1","verse":"","text":"du genn jur gu gudd ci wërmbal,"},{"style":"q1","verse":"","text":""},{"style":"v","verse":"18","text":"te man may bànneexoo Aji Sax ji,"},{"style":"q1","verse":"","text":"Yàlla ji may wallu laay bége."},{"style":"q1","verse":"","text":""},{"style":"v","verse":"19","text":"Aji Sax ji Boroom bi mooy sama doole,"},{"style":"q1","verse":"","text":"moo ma defal samay tànk mel ni yoy kéwél,"},{"style":"q1","verse":"","text":"te fa kawte ya la may daaguloo."},{"style":"b","verse":"","text":""},{"style":"q1","verse":"","text":"Mu jëm ci njiital woykat yi, ànd ak samay xalam."}]