[{"style":"ip","verse":"","text":"Niki Timote, Tit bokk na ci naataango yi Póol yebal, ngir ñu jàngal mboolooy ñi gëm. Ci bataaxal bii, Póol sas na Tit li mu wara jàngal mboolooy ñi gëm ca réewum Keret, ak ni mu leen wara saytoo. Póol wax na Tit mu tabb ay mag, ñu jiite mbooloo mi ci dëkk bu nekk. Mu wax itam yan jikko la magi mboolooy gëmkat yi wara am."},{"style":"im","verse":"","text":"Ci tënk:"},{"style":"ili","verse":"","text":"1.1-16 Póol mi ngi sant Tit di ko wax mu tabb magi mbooloo yi."},{"style":"ili","verse":"","text":"2.1-15 Póol jox na Tit ay ndigal yi mu wara bàyyil mbooloo yi."},{"style":"ili","verse":"","text":"3.1-15 Póol mu ngi ñaax Tit ngir mu sax ci njàngaleem, ngir gëmkat yi def jëf yu baax."},{"style":"ie","verse":"","text":""}]