{"MAT":{"name":"Κατα Μαθθαιον","chapters":{"1":"25","2":"23","3":"17","4":"25","5":"48","6":"34","7":"29","8":"34","9":"38","10":"42","11":"30","12":"50","13":"58","14":"36","15":"39","16":"28","17":"27","18":"35","19":"30","20":"34","21":"46","22":"46","23":"39","24":"51","25":"46","26":"75","27":"66","28":"20"}},"MRK":{"name":"Κατα Μαρκον","chapters":{"1":"45","2":"28","3":"35","4":"41","5":"43","6":"56","7":"37","8":"38","9":"50","10":"52","11":"33","12":"44","13":"37","14":"72","15":"47","16":"20"}},"LUK":{"name":"Κατα Λουκαν","chapters":{"1":"80","2":"52","3":"38","4":"44","5":"39","6":"49","7":"50","8":"56","9":"62","10":"42","11":"54","12":"59","13":"35","14":"35","15":"32","16":"31","17":"37","18":"43","19":"48","20":"47","21":"38","22":"71","23":"56","24":"53"}},"JHN":{"name":"Κατα Ιωαννην","chapters":{"1":"51","2":"25","3":"36","4":"54","5":"47","6":"71","7":"52","8":"59","9":"41","10":"42","11":"57","12":"50","13":"38","14":"31","15":"27","16":"33","17":"26","18":"40","19":"42","20":"31","21":"25"}},"ACT":{"name":"Πραξεισ Αποστολων","chapters":{"1":"26","2":"47","3":"26","4":"37","5":"42","6":"15","7":"60","8":"40","9":"43","10":"48","11":"30","12":"25","13":"52","14":"28","15":"41","16":"40","17":"34","18":"28","19":"40","20":"38","21":"40","22":"30","23":"35","24":"27","25":"27","26":"32","27":"44","28":"31"}},"ROM":{"name":"Προσ Ρωμαιους","chapters":{"1":"32","2":"29","3":"31","4":"25","5":"21","6":"23","7":"25","8":"39","9":"33","10":"21","11":"36","12":"21","13":"14","14":"23","15":"33","16":"24"}},"1CO":{"name":"Προσ Κορινθιους Α","chapters":{"1":"31","2":"16","3":"23","4":"21","5":"13","6":"20","7":"40","8":"13","9":"27","10":"33","11":"34","12":"31","13":"13","14":"40","15":"58","16":"24"}},"2CO":{"name":"Προσ Κορινθιους Β","chapters":{"1":"24","2":"17","3":"18","4":"18","5":"21","6":"18","7":"16","8":"24","9":"15","10":"18","11":"33","12":"21","13":"13"}},"GAL":{"name":"Προσ Γαλατας","chapters":{"1":"24","2":"21","3":"29","4":"31","5":"26","6":"18"}},"EPH":{"name":"Προσ Εφεσιους","chapters":{"1":"23","2":"22","3":"21","4":"32","5":"33","6":"24"}},"PHP":{"name":"Προσ Φιλιππησιους","chapters":{"1":"30","2":"30","3":"21","4":"23"}},"COL":{"name":"Προσ Κολοσσαεις","chapters":{"1":"29","2":"23","3":"25","4":"18"}},"1TH":{"name":"Προσ Θεσσαλονικεις Α","chapters":{"1":"10","2":"20","3":"13","4":"18","5":"28"}},"2TH":{"name":"Προσ Θεσσαλονικεις Β","chapters":{"1":"12","2":"17","3":"18"}},"1TI":{"name":"Προσ Τιμοθεον Α","chapters":{"1":"20","2":"15","3":"16","4":"16","5":"25","6":"21"}},"2TI":{"name":"Προσ Τιμοθεον Β","chapters":{"1":"18","2":"26","3":"17","4":"22"}},"TIT":{"name":"Προσ Τιτον","chapters":{"1":"16","2":"15","3":"15"}},"PHM":{"name":"Προσ Φιλημονα","chapters":{"1":"25"}},"HEB":{"name":"Προσ Εβραιους","chapters":{"1":"14","2":"18","3":"19","4":"16","5":"14","6":"20","7":"28","8":"13","9":"28","10":"39","11":"40","12":"29","13":"25"}},"JAS":{"name":"Ιακωβου","chapters":{"1":"27","2":"26","3":"18","4":"17","5":"20"}},"1PE":{"name":"Πετρου Α","chapters":{"1":"25","2":"25","3":"22","4":"19","5":"14"}},"2PE":{"name":"Πετρου Β","chapters":{"1":"21","2":"22","3":"18"}},"1JN":{"name":"Ιωαννου Α","chapters":{"1":"10","2":"29","3":"24","4":"21","5":"21"}},"2JN":{"name":"Ιωαννου Β","chapters":{"1":"13"}},"3JN":{"name":"Ιωαννου Γ","chapters":{"1":"15"}},"JUD":{"name":"Ιουδα","chapters":{"1":"25"}},"REV":{"name":"Αποκαλυψισ Ιωαννου","chapters":{"1":"20","2":"29","3":"22","4":"11","5":"14","6":"17","7":"17","8":"13","9":"21","10":"11","11":"19","12":"18","13":"18","14":"20","15":"8","16":"21","17":"18","18":"24","19":"21","20":"15","21":"27","22":"21"}}}