[{"style":"s1","verse":"","text":"Yeesu, boroom bésub Noflaay"},{"style":"p","verse":"","text":""},{"style":"v","verse":"1","text":"Ca jamono yooyu la Yeesu doon dem, ba jaare ci ay tool yu ñor, mu yemook \\w bésub Noflaay|bésub Noflaay b-:\\w*. Taalibeem ya nag xiif, daldi tàmbalee fàq ay gub, di lekk."},{"style":"v","verse":"2","text":"\\w Farisen|Farisen y-:\\w* ya gis ca, ne Yeesu: «Gisal, say taalibee ngi def lu yoon mayewul ci bésub Noflaay!»"},{"style":"p","verse":"","text":""},{"style":"v","verse":"3","text":"Teewul Yeesu ne leen: «Xanaa jànguleen la \\w Daawuda|Daawuda:\\w* defoon, ba mu xiifee, moom ak ña mu àndaloon?"},{"style":"v","verse":"4","text":"Ba Daawuda duggee ca kër Yàlla ga, \\w mburum teewal|mburum teewal m-:\\w* ma la lekk, te yoon mayewul kenn ku ca lekk; du moom, du ña mu àndaloon, xanaa \\w sarxalkat|sarxalkat b-:\\w* ba doŋŋ\\f + \\fr 12.4 \\ft Seetal ci \\bk 1.Samiyel\\bk* 21.2-7.\\f*."},{"style":"v","verse":"5","text":"Am jànguleen ci yoonu Musaa, ne bésub Noflaay, ci la sarxalkat ya ca kër Yàlla ga di xëtte ndigalal ñàkka liggéey ci bésub Noflaay, te taxu leena tooñ?"},{"style":"v","verse":"6","text":"Waaye maa leen ko wax, ku sut kër Yàllaa ngi fi teew."},{"style":"v","verse":"7","text":"Su ngeen xamoon lu lii di tekki: “Ngor laa namm, dub sarax\\f + \\fr 12.7 \\ft Seetal ci \\bk Ose\\bk* 6.6.\\f*,” kon dungeen sikk jàmbur ñu deful dara,"},{"style":"v","verse":"8","text":"ndax bésub Noflaay, \\w Doomu nit|Doomu nit k-:\\w* ki mooy boroom.»"},{"style":"s1","verse":"","text":"Yeesu faj na nit ku loxoom làggi"},{"style":"p","verse":"","text":""},{"style":"v","verse":"9","text":"Ba loolu amee Yeesu jóge foofa, dem ca seen jàngu ba."},{"style":"v","verse":"10","text":"Boroom loxo bu làggee nga fa woon. \\w Farisen|Farisen y-:\\w* ya nag laaj ko ne ko ndax yoon maye na faj ci \\w bésub Noflaay|bésub Noflaay b-:\\w*, ngir ñu man koo tuumaal."},{"style":"v","verse":"11","text":"Yeesu ne leen: «Ana kan ci yeen mooy am menn xar doŋŋ, mu daanu ci kàmb, bésub Noflaay, te jàppu ko, génne?"},{"style":"v","verse":"12","text":"Ñaata yoon la nit ëppe solo am xar? Kon kay yoon maye na def lu baax, bésub Noflaay.»"},{"style":"p","verse":"","text":""},{"style":"v","verse":"13","text":"Ci kaw loolu mu ne waa ja: «Tàllalal sa loxo!» Mu tàllal, loxo ba wér, ni ba ca des."},{"style":"p","verse":"","text":""},{"style":"v","verse":"14","text":"Ba loolu amee Farisen ya génn, diisooji, ngir pexe mu ñu ko sànke."},{"style":"v","verse":"15","text":"Teewul Yeesu yég ko, daldi jóge foofa, mbooloo mu bare nag topp ko, mu faj leen ñoom ñépp,"},{"style":"v","verse":"16","text":"te di leen femmu, ngir ñu bañ koo siiwal."},{"style":"v","verse":"17","text":"Noonu la kàddu ga ñu waxoon ci jottalib Yonent Yàlla \\w Esayi|Esayi:\\w*, mate. Mooy ba mu nee:"},{"style":"q1","verse":"","text":""},{"style":"v","verse":"18","text":"«Sama ndaw lii laa tànn,"},{"style":"q1","verse":"","text":"muy sama soppey xol,"},{"style":"q1","verse":"","text":"maay sol sama Xel ci moom,"},{"style":"q1","verse":"","text":"ba mu yégal xeet yi yoonu àtte."},{"style":"q1","verse":"","text":""},{"style":"v","verse":"19","text":"Du xuloo, du xaacu,"},{"style":"q1","verse":"","text":"baatam du dégtoo mbedd ya."},{"style":"q1","verse":"","text":""},{"style":"v","verse":"20","text":"Barax bu lemu sax, du ko damm,"},{"style":"q1","verse":"","text":"leer gu giim, du ko fey,"},{"style":"q1","verse":"","text":"ba kera mu mayee njub, ndam,"},{"style":"q1","verse":"","text":""},{"style":"v","verse":"21","text":"te aw turam la xeet yiy yaakaar\\f + \\fr 12.18-21 \\ft Seetal ci \\bk Esayi\\bk* 42.1-4.\\f*.»"},{"style":"s1","verse":"","text":"Yeesu faj na boroom rab bu gumba, luu"},{"style":"p","verse":"","text":""},{"style":"v","verse":"22","text":"Gannaaw loolu ñu indil Yeesu boroom rab bu gumba, luu. Yeesu faj ko, ba muy wax, di gis."},{"style":"v","verse":"23","text":"Mbooloo mépp nag yéemu, naan: «Xanaa kii du Sëtub \\w Daawuda|Daawuda:\\w* bi?»"},{"style":"p","verse":"","text":""},{"style":"v","verse":"24","text":"Teewul ba \\w Farisen|Farisen y-:\\w* ya déggee loolu dañu ne: «Kii xanaa du ci Beelsebul buuru rab yi doŋŋ lay dàqe ay rab!»"},{"style":"v","verse":"25","text":"Teewul Yeesu ràññee seen xalaat, ne leen: «Gépp nguur guy xàjjalikoo ci biiram, day tas, te bépp dëkk mbaa kër guy xàjjalikoo ci biiram, du mana yàgg."},{"style":"v","verse":"26","text":"\\w Seytaane|Seytaane:\\w* nag su dàqee Seytaane, indi na xàjjalikoo ci biiram; te kon ana nu nguuram di yàgge?"},{"style":"v","verse":"27","text":"Te bu fekkee ne man Beelsebul laay dàqe rab yi, seen ñoñ nag ñoom, kan lañuy dàqe ay rab? Kon kay seen ñoñ a leen tiiñal."},{"style":"v","verse":"28","text":"Waaye su dee \\w Noowug Yàlla|Noo gu Sell g-:\\w* laay dàqe rab yi nag, kon nguurug Yàlla agsi na ba ci yeen."},{"style":"p","verse":"","text":""},{"style":"v","verse":"29","text":"«Ana nu nit mana dugge ci kër ponkal, yóbbu alalam, te njëkkula yeew ponkal mi ba noppi, doora mana toj kër ga."},{"style":"v","verse":"30","text":"Ku farul ak man nag, man ngay xeex, te ku àndul ak man di dajale, yaa ngi tasaare.»"},{"style":"s1","verse":"","text":"Sosal Noowug Yàlla moo yées"},{"style":"p","verse":"","text":""},{"style":"v","verse":"31","text":"«Moo tax ma ne leen, bépp bàkkaar, ak gépp kàddug saaga Yàlla, dees na ko jéggale, waaye saaga \\w Noowug Yàlla|Noo gu Sell g-:\\w*, deesu ko jéggale."},{"style":"v","verse":"32","text":"Ku jëme kàddug safaan ci \\w Doomu nit|Doomu nit k-:\\w* ki, dees na ko jéggal, waaye ku jëme kàddug safaan ci Noo gu Sell gi, deesu ko jéggal mukk, du tey, du ëllëg."},{"style":"p","verse":"","text":""},{"style":"v","verse":"33","text":"«Yaar garab gi baax, meññeefam baax, mbaa garab gi bon, meññeefam bon; nde garab, meññeefam."},{"style":"v","verse":"34","text":"Njurum jaan mi ngeen doon, nu ngeen mana waxe lu baax, te di ñu bon? Gémmiñ, la fees xolu boroom lay wax."},{"style":"v","verse":"35","text":"Nit ku baax, ci dencub ngëneel lay jële lu baax, nit ku bon it, ci dencub safaanam lay jële lu bon."},{"style":"v","verse":"36","text":"Maa leen wax ne leen, gépp kàddug neen gu nit masa wax, dina ko layoo kera bés-pénc."},{"style":"v","verse":"37","text":"Ndax kat ci sa kàddu lees lay joxe dëgg, ci sa kàddu it lees lay daane.»"},{"style":"s1","verse":"","text":"Yonent Yàlla Yunus doy na firnde"},{"style":"p","verse":"","text":""},{"style":"v","verse":"38","text":"Ci kaw loolu ay firikati yoonu Musaa ak ay \\w Farisen|Farisen y-:\\w* wax ak Yeesu ne ko: «Kilifa gi, danoo bëgg firnde ju bawoo ci yaw.»"},{"style":"v","verse":"39","text":"Yeesu ne leen: «Maas gu bon gu ñàkk kóllëre, firnde lañuy wut, waaye deesu leen jox jenn firnde ju moy firndey Yonent Yàlla Yunus."},{"style":"v","verse":"40","text":"Ndax na Yunus nekke woon ca biir rabu géej wu mag wa, ñetti bëccëg ak ñetti guddi, noonu la \\w Doomu nit|Doomu nit k-:\\w* ki di nekke ci biir xolu suuf, ñetti bëccëg ak ñetti guddi."},{"style":"v","verse":"41","text":"Waa réewum Niniw it keroog àtte ba dinañu taxaw, layook niti tey jii, tiiñal leen, ndax ñoo tuube woon ca waareb Yunus\\f + \\fr 12.41 \\ft Seetal ci \\bk Yunus\\bk* 1.2; 3.4-5.\\f*, te tey jii, ku sut Yunus a ngi fi."},{"style":"v","verse":"42","text":"Keroog àtte ba, Lingeeru bëj-saalum dina jóg, janook niti tey jii, tiiñal leen; ndax moo bàyyikoo woon ca catal àddina, ngir déglusi xam-xamu Suleymaan\\f + \\fr 12.42 \\ft Seetal ci \\bk 2.Jaar-jaar ya\\bk* 9.1-12.\\f*, te tey jii, ku sut Suleymaan a ngi fi."},{"style":"p","verse":"","text":""},{"style":"v","verse":"43","text":"«Aw \\w rab|rab:\\w* nag, bu jàppee nit ba bàyyi ko, day wër béreb yu fendi, di wut fu mu noppaloo, te du ko gis."},{"style":"v","verse":"44","text":"Su ko defee mu ne: “Ca sama kër ga ma jóge woon laay dellu.” Bu dikkee, fekk kër gi wéet, buube, defare ba jekk."},{"style":"v","verse":"45","text":"Day dem nag indi yeneen juróom ñaari rab yu ko yées, ànd ak ñoom, ñu bokk sancsi; su ko defee ni nit kiy mujje mooy yées na mu jëkke. Noonu lay deme ci niti tey ñu bon ñii.»"},{"style":"s1","verse":"","text":"Déggal Yàllaa gën bokk ak Yeesu"},{"style":"p","verse":"","text":""},{"style":"v","verse":"46","text":"Yeesu moo doon wax ak mbooloo ma, yaayam ak ay rakki Yeesu jekki dikk, taxaw ci biti, bëgga wax ak moom."},{"style":"v","verse":"47","text":"Kenn ca mbooloo ma ne ko: «Sa yaay ak say rakk kat, ñu ngi taxaw ci biti, bëgga wax ak yaw.»"},{"style":"v","verse":"48","text":"Teewul Yeesu ne ko: «Ana kan mooy sama yaay, ak ñan ñooy samay rakk?»"},{"style":"v","verse":"49","text":"Mu daldi joxoñ ay taalibeem, ne: «Ñii ñooy sama yaay ak samay rakk,"},{"style":"v","verse":"50","text":"ndax kuy jëfe sama coobarey Baay ba fa asamaan, kooku moo di sama rakk ju góor, di samab jigéen, di sama yaay.»"}]