[{"style":"s1","verse":"","text":"Yaxya waare na ngir nit ñi tuub"},{"style":"p","verse":"","text":""},{"style":"v","verse":"1","text":"Jant yooyu la \\w Yaxya|Yaxya:\\w* feeñ, di waare ca màndiŋu Yude,"},{"style":"v","verse":"2","text":"naan: «Tuubleen seeni bàkkaar, ndax nguurug asamaan dëgmal na.»"},{"style":"v","verse":"3","text":"Kooku lañu doon wax, te Yonent Yàlla \\w Esayi|Esayi:\\w* jottali woon ko, ba mu nee:"},{"style":"q1","verse":"","text":"«Baatu nit a ngi xaacoo ca màndiŋ ma naan:"},{"style":"q1","verse":"","text":"“Nangeen xàll yoonu Boroom bi,"},{"style":"q1","verse":"","text":"juballeen ay xàllam\\f + \\fr 3.3 \\ft Seetal ci \\bk Esayi\\bk* 40.3.\\f*.”»"},{"style":"p","verse":"","text":""},{"style":"v","verse":"4","text":"Yaxya nag mbubb mu ñu ràbbe kawaru giléem la daan sol, laxasoo laxasaayu der ca ndiggam, ab dundam diy njéeréer ak lemu àll."},{"style":"v","verse":"5","text":"Nit ña daldi bàbbeeku, jëm ca moom, waa Yerusalem, ak mboolem diiwaanu Yude, ak mboolem diiwaanu dexu Yurdan."},{"style":"v","verse":"6","text":"Ñu tudd seeni bàkkaar, Yaxya sóob leen ca dexu Yurdan."},{"style":"p","verse":"","text":""},{"style":"v","verse":"7","text":"Ci kaw loolu ay \\w Farisen|Farisen y-:\\w* ak ay \\w Sadusen|Sadusen y-:\\w* yu bare ñëw ci Yaxya, ngir mu sóob leen ci ndox. Yaxya ne leen: «Yeen njurum jaan mee, ku leen artu, ba ngeen di daw sànj miy dikk?"},{"style":"v","verse":"8","text":"Kon nag jëfeleen jëf ju yelloo ag tuubeel,"},{"style":"v","verse":"9","text":"te buleen defe ne man ngeena wax ci seenum xel ne: “Nun, Ibraayma mooy sunu maam,” ndax maa leen ko wax, doj yii, Yàlla man na cee sàkkal Ibraayma aw askan."},{"style":"v","verse":"10","text":"Léegi nag xàcc nañu sémmiñ ngir gor reenu garab yi ba noppi. Kon gépp garab gu ci meññul doom yu baax, dees koy gor, sànni ca sawara sa."},{"style":"v","verse":"11","text":"Man, cim ndox laa leen di sóob, ngir jëmmal seenug tuubeel. Waaye kiy ñëw sama gannaaw moo ma sut, ba ay caraxam sax yeyoowuma ko koo summil. Moom nag ci \\w Noo gu Sell|Noo gu Sell g-:\\w* gi ak ci sawara\\f + \\fr 3.11 \\fk Sóobu gi ci Noo gu Sell gi ak ci sawara: \\ft Almasi bi moo leen di sol doole ju bawoo ci Noo gu Sell gi, ak itam setal leen ni sawara di setale weñ gu am lu ko rax. Sawara dina taxawe itam céru mbugal mu ñeel ñi déggalul Yàlla. Seetal ci 12.49; \\bk Jëf ya\\bk* 2.3.\\f* la leen di sóob."},{"style":"v","verse":"12","text":"Ab layoom a ngi ci loxoom, te mooy jéri dàggaam, ba mu set wecc; am peppam lay fat ci sàq mi, waaye xatax bi, da koy lakk ci sawara su dul fey mukk.»"},{"style":"s1","verse":"","text":"Yaxya sóob na Yeesu ci dexu Yurdan"},{"style":"p","verse":"","text":""},{"style":"v","verse":"13","text":"Booba la Yeesu jóge Galile, dikk ngir \\w Yaxya|Yaxya:\\w* sóob ko ca dexu Yurdan."},{"style":"v","verse":"14","text":"Teewul Yaxya gàntal, ne ko: «Man may ki soxla, nga sóob ma ci ndox, yaw nga dikk ci man!»"},{"style":"v","verse":"15","text":"Yeesu ne ko: «Baalagum noonu rekk, ndax ci lanuy matale lépp li Yàlla bëgg ci njub.» Yaxya daldi koy nangul."},{"style":"p","verse":"","text":""},{"style":"v","verse":"16","text":"Gannaaw ba ñu sóobee Yeesu, ba mu génnee ca saa sa ca ndox ma, asamaan a jekki ubbiku ngir moom. Mu gis \\w Noowug Yàlla|Noo gu Sell g-:\\w* wàcc ni am pitax ca kawam."},{"style":"v","verse":"17","text":"Ci kaw loolu rekk, baat jibe asamaan, ne: «Kii mooy sama Doom, sama soppe; Moom laay bànneexoo.»"}]