[{"style":"ip","verse":"","text":"Téereb \\bk Neyemi\\bk* dafa tàmbalee fa téereb \\bk Esra\\bk* yem. Bànni Israayil tabaxaat nañu kër Yàlla gi ci Yerusalem, wara yékkatiwaat tatay dëkk bi. Neyemi kàngam la woon ca ëttub Artaserses buuru Pers ba yilifoon bànni Israayil ga ñu toxaloon ca Babilon. Fekk waa Pers duma waa Babilon. Artaserses jox Neyemi ndigalu dem Yerusalem, ngir toppatoo yeesalub dëkk bi ci wàllu yorin ak koom. Ba mu agsee, am na ay noon yu jéema yàq pexeem, waaye bare na ay bokki bànni Israayilam yu ko jàppale, ba mu ànd ak ñoom tabaxaat tatay dëkk ba ci diir bu gàtt."},{"style":"ip","verse":"","text":"Gannaaw bi, Neyemi ak Esra sarxalkat ba jiite am xew, daloo tatay Yerusalem ja. Ba loolu wéyee la Neyemi ànd ak Esra ngir yeesal diine ji."},{"style":"im","verse":"","text":"Ci tënk:"},{"style":"ili","verse":"","text":"1.1---2.20 Neyemi agsi na Yerusalem."},{"style":"ili","verse":"","text":"3.1---7.73 Liggéeyub tatay Yerusalem door na."},{"style":"ili","verse":"","text":"8.1---10.39 Njàngum téereb yoonu Musaa wi tax na askan wi tuub."},{"style":"ili","verse":"","text":"11.1---13.31 Lu jëm ci xewu daloo tata yi, ak li Neyemi def ngir yeesal diine ji."},{"style":"ie","verse":"","text":""}]