[{"style":"s2","verse":"","text":"Waxyu dal na Misra"},{"style":"p","verse":"","text":""},{"style":"v","verse":"1","text":"Ca fukkeelu at ma, fukki fan ak ñaar ca fukkeelu weer wa, kàddug Aji Sax ji dikkal na ma ne ma:"},{"style":"v","verse":"2","text":"«Yaw nit ki, neel jàkk Firawna buuru Misra, nga jottali kàdduy \\w waxyu|waxyu:\\w* fi kawam ak fi kaw Misra gépp."},{"style":"v","verse":"3","text":"Waxal, nga ne: “Boroom bi Aji Sax ji dafa wax ne:"},{"style":"q1","verse":"","text":"Maa ngii fi sa kaw, yaw Firawna buuru Misra,"},{"style":"q1","verse":"","text":"yaw ninki-nanka ju mag ji goor ci say diggi dex,"},{"style":"q1","verse":"","text":"te naan: ‘Maa moom sama dex,"},{"style":"q1","verse":"","text":"man ci sama bopp maa ko sàkk!’"},{"style":"q1","verse":"","text":""},{"style":"v","verse":"4","text":"Waaye maay we ay lonku ci say ŋaam,"},{"style":"q1","verse":"","text":"jël sa jëni waltan,"},{"style":"q1","verse":"","text":"ŋoyal leen ci say waasintóor,"},{"style":"q1","verse":"","text":"diree la say waltan,"},{"style":"q1","verse":"","text":"sa jëni waltan yépp ŋoy ci say waasintóor."},{"style":"q1","verse":"","text":""},{"style":"v","verse":"5","text":"Ma wacc la ca màndiŋ ma,"},{"style":"q1","verse":"","text":"yaw yaak mboolem sa jëni waltan."},{"style":"q1","verse":"","text":"Ci àll bi nga naa ñàyy,"},{"style":"q1","verse":"","text":"deesu la for, deesu la fat."},{"style":"q1","verse":"","text":"Ndundati àll beek njanaaw yi, yaw laa leen di leele,"},{"style":"q1","verse":"","text":""},{"style":"v","verse":"6","text":"ba waa Misra gépp xam ne maay Aji Sax ji."},{"style":"b","verse":"","text":""},{"style":"q1","verse":"","text":"«“Seen ndimbal ak Israayil mooy ndimbalu bantu barax,"},{"style":"q1","verse":"","text":""},{"style":"v","verse":"7","text":"ñu jafandu ci, mu ne tàllit,"},{"style":"q1","verse":"","text":"ne xureet mbagg yépp,"},{"style":"q1","verse":"","text":"ñu wéeroo ko, mu ne tipp,"},{"style":"q1","verse":"","text":"ndigg yépp rëcc."},{"style":"b","verse":"","text":""},{"style":"q1","verse":"","text":""},{"style":"v","verse":"8","text":"«“Moo tax Boroom bi Aji Sax ji dafa wax ne:"},{"style":"q1","verse":"","text":"Yaw Misra, maa ngii di la indil saamar,"},{"style":"q1","verse":"","text":"ba faat la yaw, nit ak mala."},{"style":"q1","verse":"","text":""},{"style":"v","verse":"9","text":"Réewum Misraay gental, di ndànd-foyfoy,"},{"style":"q1","verse":"","text":"ba ñu xam ne maay Aji Sax ji."},{"style":"q1","verse":"","text":"Li nga ne: ‘Dex gi maa ko moom,"},{"style":"q1","verse":"","text":"man maa ko sàkk,’"},{"style":"q1","verse":"","text":""},{"style":"v","verse":"10","text":"moo tax maa ngii fi sa kaw,"},{"style":"q1","verse":"","text":"yaak say wali dex."},{"style":"q1","verse":"","text":"Maay def réewum Misra gent bu ne sereŋ,"},{"style":"q1","verse":"","text":"mu gentale Migdol ca bëj-gànnaar, ba Asuwan\\f + \\fr 29.10 \\fk Asuwan \\ft mooy Siyen ba tey.\\f*,"},{"style":"q1","verse":"","text":"fa mu digalook réewum \\w Kuus|Kuus:\\w* ca bëj-saalum."},{"style":"q1","verse":"","text":""},{"style":"v","verse":"11","text":"Tànku doom aadama du fa jaare,"},{"style":"q1","verse":"","text":"tànku mala du fa jaare,"},{"style":"q1","verse":"","text":"te deesu fa dëkke diiru ñeent fukki at."},{"style":"q1","verse":"","text":""},{"style":"v","verse":"12","text":"Maay def Misra gëna gental ci réew yi gental,"},{"style":"q1","verse":"","text":"ay dëkkam gëna gental ci dëkk yi diiru ñeent fukki at."},{"style":"q1","verse":"","text":"Maay tasaare waa Misra ci biir xeet yi,"},{"style":"q1","verse":"","text":"wasaare leen ci biir réew yi."},{"style":"q1","verse":"","text":""},{"style":"v","verse":"13","text":"Boroom bi Aji Sax ji déy dafa wax ne:"},{"style":"q1","verse":"","text":"Bu ñeent fukki at yi matee,"},{"style":"q1","verse":"","text":"ma dajalee waa Misra fa digg xeet ya ñu tasaaroo woon."},{"style":"q1","verse":"","text":""},{"style":"v","verse":"14","text":"Ca laay tijjee wërsëgu Misra,"},{"style":"q1","verse":"","text":"delloo leen réewum Pattros ca bëj-saalum, seen réewum cosaan,"},{"style":"q1","verse":"","text":"ñu doon fa nguur gu suufe,"},{"style":"q1","verse":"","text":""},{"style":"v","verse":"15","text":"gëna suufe ci nguur yi,"},{"style":"q1","verse":"","text":"ba dootuñu damu fi kaw xeet yi."},{"style":"q1","verse":"","text":"Maa leen di tuutal ba dootuñu yilif xeet yi."},{"style":"q1","verse":"","text":""},{"style":"v","verse":"16","text":"Waa kër Israayil dootuñu yaakaar Misra,"},{"style":"q1","verse":"","text":"xanaa ñuy fàttaliku na ñu ñaawe woon démb,"},{"style":"q1","verse":"","text":"ba ñuy làqoo waa Misra,"},{"style":"q1","verse":"","text":"te dinañu xam ne maay Boroom bi Aji Sax ji.”»"},{"style":"p","verse":"","text":""},{"style":"v","verse":"17","text":"Ca ñaar fukkeelu at maak juróom ñaar, benn fanu weer wa njëkk, kàddug Aji Sax ji dikkal na ma, ne ma:"},{"style":"v","verse":"18","text":"«Yaw nit ki, Nebukatnecar buuru Babilon teg na mbooloom xareem coono bu metti ca seen xareek Tir. Seen kawari bopp yépp ruus na, seen wagg yépp tëccu, te coonoom ba mu sonn ca Tir, te du moom, du ay nitam ku ci am wenn yool."},{"style":"q1","verse":"","text":""},{"style":"v","verse":"19","text":"Moo tax Boroom bi Aji Sax ji dafa wax ne:"},{"style":"q1","verse":"","text":"Maa ngii di jox réewum Misra Nebukatnecar buuru Babilon,"},{"style":"q1","verse":"","text":"mu yóbbu alal ja,"},{"style":"q1","verse":"","text":"wëq ko ba mu set,"},{"style":"q1","verse":"","text":"sëxëtoo mboolem lu mu amoon,"},{"style":"q1","verse":"","text":"muy peyooru mbooloom xareem,"},{"style":"q1","verse":"","text":""},{"style":"v","verse":"20","text":"di yoolu coonoom."},{"style":"q1","verse":"","text":"Maa ko jox réewum Misra,"},{"style":"q1","verse":"","text":"feye ko la ma ay nitam liggéeyal."},{"style":"q1","verse":"","text":"Kàddug Boroom bi Aji Sax jee."},{"style":"q1","verse":"","text":""},{"style":"v","verse":"21","text":"Bésub keroog maay yokk dooley waa kër Israayil,"},{"style":"q1","verse":"","text":"yaw nit ki, ma jox la sañ-sañu àddu fi seen biir."},{"style":"q1","verse":"","text":"Su boobaa ñu xam ne maay Aji Sax ji.»"}]