[{"style":"s1","verse":"","text":"Tuur yi indi na mbugal"},{"style":"p","verse":"","text":""},{"style":"v","verse":"1","text":"Gannaaw loolu kàddug Aji Sax ji da maa dikkal, ne ma:"},{"style":"v","verse":"2","text":"«Yaw nit ki, jàkkaarlool ak tundi Israayil, nga jottali leen kàdduy \\w waxyu|waxyu:\\w*."},{"style":"v","verse":"3","text":"Neel:"},{"style":"q1","verse":"","text":"“Yeen tundi Israayil,"},{"style":"q1","verse":"","text":"dégluleen kàddug Boroom bi Aji Sax ji."},{"style":"q1","verse":"","text":"Boroom bi Aji Sax ji moo wax lii,"},{"style":"q1","verse":"","text":"jëme ci tund wu mag ak wu ndaw"},{"style":"q1","verse":"","text":"ak xunt aku xur, ne:"},{"style":"q1","verse":"","text":"Maa ngi nii di leen wàcceel saamar,"},{"style":"q1","verse":"","text":"maay màbb seen jaamookaayi tuur,"},{"style":"q1","verse":"","text":""},{"style":"v","verse":"4","text":"seen \\w sarxalukaay|sarxalukaay b-:\\w* gental,"},{"style":"q1","verse":"","text":"seen suurukaayi tuur tasaaroo,"},{"style":"q1","verse":"","text":"ma tëral seeni nit ñu ñu bóom fi seen kanamu kasaray tuur."},{"style":"q1","verse":"","text":""},{"style":"v","verse":"5","text":"Maay tegal néewi \\w bànni Israayil|bànni Israayil:\\w* ci seen kanamu kasaray tuur."},{"style":"q1","verse":"","text":"Maay wasaare seeni yax fi wër seeni sarxalukaay."},{"style":"q1","verse":"","text":""},{"style":"v","verse":"6","text":"Fu ngeen mana sance,"},{"style":"q1","verse":"","text":"seeni dëkk ay gental,"},{"style":"q1","verse":"","text":"seen jaamookaayi tuur wéet,"},{"style":"q1","verse":"","text":"seeni sarxalukaay yàqu, gental,"},{"style":"q1","verse":"","text":"seen kasaray tuur rajaxoo ba jeex,"},{"style":"q1","verse":"","text":"seen suurukaayi tuur màbb,"},{"style":"q1","verse":"","text":"seeni liggéey réer."},{"style":"q1","verse":"","text":""},{"style":"v","verse":"7","text":"Dees na leen bóom,"},{"style":"q1","verse":"","text":"ba ngeen xam ne maay Aji Sax ji."},{"style":"q1","verse":"","text":""},{"style":"v","verse":"8","text":"Waaye maay déeg lenn ci yeen,"},{"style":"q1","verse":"","text":"ñu rëcc saamar, tasaaroo ci xeet yi,"},{"style":"q1","verse":"","text":"ci biir réewi jàmbur."},{"style":"q1","verse":"","text":""},{"style":"v","verse":"9","text":"Su boobaa seenu ndes di ma fàttalikoo"},{"style":"q1","verse":"","text":"fa biir xeet ya ñu leen yóbbu njaam,"},{"style":"q1","verse":"","text":"fa may jeexale seen xolu gànc bi ma dëddu,"},{"style":"q1","verse":"","text":"ak seen gët yi ñuy gànctook seeni tuur."},{"style":"q1","verse":"","text":"Su boobaa ñu jéppi seen bopp"},{"style":"q1","verse":"","text":"ndax lu bon li ñu def ak seen jépp jëf ju siblu."},{"style":"q1","verse":"","text":""},{"style":"v","verse":"10","text":"Dinañu xam ne maay Aji Sax ji,"},{"style":"q1","verse":"","text":"te du neen laa leen artoo,"},{"style":"q1","verse":"","text":"ba ma leen di tëkkoo mii musiba."},{"style":"s1","verse":"","text":"Aji Sax jeey am ndam"},{"style":"q1","verse":"","text":""},{"style":"v","verse":"11","text":"«“Boroom bi Aji Sax ji dafa wax ne:"},{"style":"q1","verse":"","text":"Fenqeel say loxo, dóor sa tànk fi suuf te ne: ‘Ñaw!’"},{"style":"q1","verse":"","text":"ci mboolem jëfi waa kër Israayil ju bon ju siblu."},{"style":"q1","verse":"","text":"Saamar ak xiif ak mbas a leen di faat."},{"style":"q1","verse":"","text":""},{"style":"v","verse":"12","text":"Ku sore deewe mbas,"},{"style":"q1","verse":"","text":"ku jege faate saamar,"},{"style":"q1","verse":"","text":"ku ca mucce, deek xiif,"},{"style":"q1","verse":"","text":"ma ŋaccal leen sama xadar."},{"style":"q1","verse":"","text":""},{"style":"v","verse":"13","text":"Dingeen xam ne maay Aji Sax ji,"},{"style":"q1","verse":"","text":"bu seeni néew nee xas fi seen biiri tuur,"},{"style":"q1","verse":"","text":"ak fi wër seeni \\w sarxalukaay|sarxalukaay b-:\\w*,"},{"style":"q1","verse":"","text":"ak kaw tund wu mag ak wu ndaw,"},{"style":"q1","verse":"","text":"ak mboolem ker garab gu naat,"},{"style":"q1","verse":"","text":"ak mboolem garab gu mag te sëq,"},{"style":"q1","verse":"","text":"fépp fu ngeen di taale \\w cuuraay|cuuraay l-:\\w*, ñeel seen mépp tuur."},{"style":"q1","verse":"","text":""},{"style":"v","verse":"14","text":"Maa leen di dóor sama loxo,"},{"style":"q1","verse":"","text":"réew mi, ma gental koo gental,"},{"style":"q1","verse":"","text":"dale ko màndiŋ ma ba Dibla,"},{"style":"q1","verse":"","text":"ak fépp fu ñu mana sance."},{"style":"q1","verse":"","text":"Su boobaa ñu xam ne man maay Aji Sax ji.”»"}]