[{"style":"s1","verse":"","text":"Suufas Efrayim ak Manase"},{"style":"p","verse":"","text":""},{"style":"v","verse":"1","text":"Dogu suuf ba giirug Yuusufa muurloo ci ab tegoo bant, ma nga dale woon dexu Yurdan ca wetu Yeriko, fa féete bëti ndoxi Yeriko penku. Kemu suuf ba ma nga jaare màndiŋ ma, yéegi ca diiwaanu tundu Betel,"},{"style":"v","verse":"2","text":"daldi bàyyikoo Betel, wéy ba dëkk ba ñu naa Lus, ba ca kemu réewu Arkeen ña ca Atarot,"},{"style":"v","verse":"3","text":"daldi wàcce ca sowu, jëm kemu réewum Yafleteen ña, dem ba feggook diiwaanu Bet Oron Suuf, jàll ba Geser, doora génni ca géej gu mag ga."},{"style":"v","verse":"4","text":"Loolu mooy céru suuf bi giirug Yuusufa muurloo, ci wàllu Manase ak Efrayim."},{"style":"p","verse":"","text":""},{"style":"v","verse":"5","text":"Digu suuf si giirug Efrayim séddoo làng ak làng nag nii la tëdde: Seen kemu suuf a nga jóge Aterot Adar ca wetu penku, ba ca Bet Oron Kaw,"},{"style":"v","verse":"6","text":"daldi jàll ba géej. Wetu bëj-gànnaar, Migmetat la kem ga jaare, jàdd, jëm Taanat Silo ga mu jéggee ca wetu penkoom, wuti Yanowax."},{"style":"v","verse":"7","text":"Fa la kem ga wàcce, jubal Atarot ak Naara, feresuji Yeriko, génneji nag dexu Yurdan."},{"style":"v","verse":"8","text":"Kem ga bàyyikoo Tapuwa, jëm sowu ba ca walum Kana, fëlleji géej. Loolooy céru suufu giirug Efrayim, làng ak làng."},{"style":"v","verse":"9","text":"Giirug Efrayim amoon nañu itam ay dëkk yu ñu leen dogalal ci wàllu giirug Manase, dëkk bu ci nekk ànd ak ay dëkkam yu ndaw."},{"style":"v","verse":"10","text":"Waaye Efraymeen ña ñoo tëlee nangu Geser ca loxoy Kanaaneen ña fa dëkkoon. Looloo waral Kanaaneen ñi dëkk ci biir giirug Efrayim, ba tey jii. Terewul giirug Efrayim teg leen liggéeyu sañul-bañ."}]